Sorteo,Fecha,Hora,Resultados,B1,B2,B3,B4,B5,B6,B7,B8,B9,B10,B11,B12,B13,B14,B15,B16,B17,B18,B19,B20
A41315,24/07/2026,08:32,02 04 21 22 25 31 32 34 37 40 41 43 44 49 54 63 64 68 76 77,2,4,21,22,25,31,32,34,37,40,41,43,44,49,54,63,64,68,76.0,77.0
A41314,24/07/2026,08:28,09 12 13 17 19 20 21 24 35 36 37 46 59 60 63 71 72 74 75 79,9,12,13,17,19,20,21,24,35,36,37,46,59,60,63,71,72,74,75.0,79.0
A41313,24/07/2026,08:24,02 17 18 24 25 29 38 44 47 48 53 56 60 63 67 69 70 76 77 78,2,17,18,24,25,29,38,44,47,48,53,56,60,63,67,69,70,76,77.0,78.0
A41312,24/07/2026,08:20,04 06 20 23 26 27 29 36 37 38 42 43 44 53 63 65 66 69 79 80,4,6,20,23,26,27,29,36,37,38,42,43,44,53,63,65,66,69,79.0,80.0
A41311,24/07/2026,08:16,02 03 04 08 10 14 18 21 28 29 39 49 52 53 54 56 57 62 66 73,2,3,4,8,10,14,18,21,28,29,39,49,52,53,54,56,57,62,66.0,73.0
A41310,24/07/2026,08:12,05 09 10 16 19 21 24 30 33 37 38 40 45 48 52 53 54 67 68 76,5,9,10,16,19,21,24,30,33,37,38,40,45,48,52,53,54,67,68.0,76.0
A41309,24/07/2026,08:08,07 08 11 16 17 19 29 33 35 41 51 54 56 64 66 72 74 75 76 79,7,8,11,16,17,19,29,33,35,41,51,54,56,64,66,72,74,75,76.0,79.0
A41308,24/07/2026,08:04,02 05 06 09 10 14 19 26 30 32 33 37 40 42 44 51 59 65 66 74,2,5,6,9,10,14,19,26,30,32,33,37,40,42,44,51,59,65,66.0,74.0
A41307,24/07/2026,08:00,01 02 13 14 15 19 20 21 22 36 41 44 48 52 57 59 65 67 70 75,1,2,13,14,15,19,20,21,22,36,41,44,48,52,57,59,65,67,70.0,75.0
A41295,24/07/2026,07:12,08 13 18 27 32 37 38 40 44 54 57 58 61 63 64 67 73 78 79 80,8,13,18,27,32,37,38,40,44,54,57,58,61,63,64,67,73,78,79.0,80.0
A41294,24/07/2026,07:08,16 17 18 21 23 24 28 37 40 44 48 53 55 60 61 62 63 74 75 80,16,17,18,21,23,24,28,37,40,44,48,53,55,60,61,62,63,74,75.0,80.0
A41293,24/07/2026,07:04,04 09 18 22 23 24 30 31 32 33 36 38 51 53 62 63 64 73 77 79,4,9,18,22,23,24,30,31,32,33,36,38,51,53,62,63,64,73,77.0,79.0
A41292,24/07/2026,07:00,04 07 08 09 19 22 23 24 27 29 35 48 49 50 53 54 58 62 67 73,4,7,8,9,19,22,23,24,27,29,35,48,49,50,53,54,58,62,67.0,73.0
A41291,24/07/2026,06:56,03 12 16 20 26 28 34 36 37 45 48 56 57 62 64 67 72 74 78 79,3,12,16,20,26,28,34,36,37,45,48,56,57,62,64,67,72,74,78.0,79.0
A41290,24/07/2026,06:52,05 08 09 10 13 18 30 35 39 41 42 52 57 58 62 66 70 72 76 79,5,8,9,10,13,18,30,35,39,41,42,52,57,58,62,66,70,72,76.0,79.0
A41289,24/07/2026,06:48,01 05 15 16 17 24 25 26 28 32 37 49 50 55 57 58 61 63 70 73,1,5,15,16,17,24,25,26,28,32,37,49,50,55,57,58,61,63,70.0,73.0
A41288,24/07/2026,06:44,01 20 22 27 32 34 37 40 42 45 49 51 52 59 62 63 64 69 72 76,1,20,22,27,32,34,37,40,42,45,49,51,52,59,62,63,64,69,72.0,76.0
A41287,24/07/2026,06:40,03 04 06 11 12 20 22 27 28 29 32 33 35 37 42 52 60 67 68 79,3,4,6,11,12,20,22,27,28,29,32,33,35,37,42,52,60,67,68.0,79.0
A41275,24/07/2026,05:52,03 04 07 08 09 11 17 18 22 24 31 32 36 41 43 55 58 62 76 79,3,4,7,8,9,11,17,18,22,24,31,32,36,41,43,55,58,62,76.0,79.0
A41274,24/07/2026,05:48,02 03 07 10 13 15 18 19 22 35 39 43 49 53 57 60 62 63 66 79,2,3,7,10,13,15,18,19,22,35,39,43,49,53,57,60,62,63,66.0,79.0
A41273,24/07/2026,05:44,04 07 12 14 16 17 23 24 28 36 38 39 47 48 51 53 55 68 69 74,4,7,12,14,16,17,23,24,28,36,38,39,47,48,51,53,55,68,69.0,74.0
A41272,24/07/2026,05:40,03 08 14 18 19 27 30 41 43 44 48 50 55 59 62 63 64 65 68 69,3,8,14,18,19,27,30,41,43,44,48,50,55,59,62,63,64,65,68.0,69.0
A41271,24/07/2026,05:36,02 06 08 17 22 24 35 38 42 48 50 51 54 55 66 69 74 75 77 79,2,6,8,17,22,24,35,38,42,48,50,51,54,55,66,69,74,75,77.0,79.0
A41270,24/07/2026,05:32,06 09 16 18 20 27 29 32 33 39 42 45 59 61 62 65 68 72 76 78,6,9,16,18,20,27,29,32,33,39,42,45,59,61,62,65,68,72,76.0,78.0
A41269,24/07/2026,05:28,06 08 19 20 21 25 35 36 44 45 47 51 54 55 62 63 65 67 69 75,6,8,19,20,21,25,35,36,44,45,47,51,54,55,62,63,65,67,69.0,75.0
A41268,24/07/2026,05:24,12 13 14 24 26 28 35 36 37 39 44 47 50 58 66 67 68 69 73 76,12,13,14,24,26,28,35,36,37,39,44,47,50,58,66,67,68,69,73.0,76.0
A41267,24/07/2026,05:20,06 08 20 25 29 35 38 39 42 43 46 58 59 62 63 72 73 75 76 78,6,8,20,25,29,35,38,39,42,43,46,58,59,62,63,72,73,75,76.0,78.0
A41235,24/07/2026,03:12,07 08 09 13 24 27 30 34 35 36 40 55 57 62 64 66 67 75 77 79,7,8,9,13,24,27,30,34,35,36,40,55,57,62,64,66,67,75,77.0,79.0
A41234,24/07/2026,03:08,05 06 07 13 19 24 25 31 38 41 47 48 50 55 63 65 66 68 70 78,5,6,7,13,19,24,25,31,38,41,47,48,50,55,63,65,66,68,70.0,78.0
A41233,24/07/2026,03:04,01 07 23 30 32 33 35 36 49 52 53 57 58 60 61 70 72 74 76 77,1,7,23,30,32,33,35,36,49,52,53,57,58,60,61,70,72,74,76.0,77.0
A41232,24/07/2026,03:00,14 16 18 28 35 37 40 44 45 47 48 49 52 58 61 72 73 76 77 80,14,16,18,28,35,37,40,44,45,47,48,49,52,58,61,72,73,76,77.0,80.0
A41231,24/07/2026,02:56,02 10 11 12 16 21 30 36 38 48 49 50 51 57 59 61 62 71 73 74,2,10,11,12,16,21,30,36,38,48,49,50,51,57,59,61,62,71,73.0,74.0
A41230,24/07/2026,02:52,01 02 12 15 21 23 26 34 40 45 46 48 50 54 60 61 64 71 77 79,1,2,12,15,21,23,26,34,40,45,46,48,50,54,60,61,64,71,77.0,79.0
A41229,24/07/2026,02:48,01 04 06 09 10 18 21 24 25 26 31 36 38 39 40 41 43 47 66 75,1,4,6,9,10,18,21,24,25,26,31,36,38,39,40,41,43,47,66.0,75.0
A41228,24/07/2026,02:44,21 25 26 27 28 30 31 32 33 37 43 49 50 57 60 63 70 71 74 75,21,25,26,27,28,30,31,32,33,37,43,49,50,57,60,63,70,71,74.0,75.0
A41227,24/07/2026,02:40,09 12 14 15 16 27 30 32 35 42 43 44 45 48 51 52 58 59 66 72,9,12,14,15,16,27,30,32,35,42,43,44,45,48,51,52,58,59,66.0,72.0
A41215,24/07/2026,01:52,01 03 04 14 15 16 23 32 35 43 44 51 55 61 62 69 73 74 78 79,1,3,4,14,15,16,23,32,35,43,44,51,55,61,62,69,73,74,78.0,79.0
A41214,24/07/2026,01:48,04 09 13 14 15 16 18 25 33 34 35 37 39 47 56 63 65 72 75 76,4,9,13,14,15,16,18,25,33,34,35,37,39,47,56,63,65,72,75.0,76.0
A41213,24/07/2026,01:44,02 04 06 08 09 11 14 15 16 31 35 38 50 57 60 70 73 75 79 80,2,4,6,8,9,11,14,15,16,31,35,38,50,57,60,70,73,75,79.0,80.0
A41212,24/07/2026,01:40,01 05 06 08 18 21 22 23 24 26 27 33 44 48 50 56 63 71 77 80,1,5,6,8,18,21,22,23,24,26,27,33,44,48,50,56,63,71,77.0,80.0
A41211,24/07/2026,01:36,01 03 05 16 20 26 29 30 33 34 41 49 52 57 58 63 73 74 77 79,1,3,5,16,20,26,29,30,33,34,41,49,52,57,58,63,73,74,77.0,79.0
A41210,24/07/2026,01:32,01 03 07 10 16 17 25 39 46 47 48 49 50 55 61 65 68 71 79 80,1,3,7,10,16,17,25,39,46,47,48,49,50,55,61,65,68,71,79.0,80.0
A41209,24/07/2026,01:28,01 02 10 20 25 31 34 45 46 55 57 58 59 62 63 70 76 77 78 80,1,2,10,20,25,31,34,45,46,55,57,58,59,62,63,70,76,77,78.0,80.0
A41208,24/07/2026,01:24,02 03 05 06 08 13 17 19 21 34 38 39 45 51 56 61 70 74 77 80,2,3,5,6,8,13,17,19,21,34,38,39,45,51,56,61,70,74,77.0,80.0
A41207,24/07/2026,01:20,01 03 07 13 39 41 43 49 52 53 54 55 56 59 62 65 67 69 77 78,1,3,7,13,39,41,43,49,52,53,54,55,56,59,62,65,67,69,77.0,78.0
A41195,24/07/2026,00:32,20 26 28 33 34 37 39 43 45 50 53 54 57 60 63 65 67 69 71 73,20,26,28,33,34,37,39,43,45,50,53,54,57,60,63,65,67,69,71.0,73.0
A41194,24/07/2026,00:28,10 12 13 15 20 22 25 26 27 30 34 36 48 50 55 61 65 71 74 80,10,12,13,15,20,22,25,26,27,30,34,36,48,50,55,61,65,71,74.0,80.0
A41193,24/07/2026,00:24,09 17 18 21 24 27 33 37 41 42 47 48 50 51 54 64 65 75 76 78,9,17,18,21,24,27,33,37,41,42,47,48,50,51,54,64,65,75,76.0,78.0
A41192,24/07/2026,00:20,11 17 21 25 28 35 37 40 42 44 49 50 56 57 62 65 67 69 71 72,11,17,21,25,28,35,37,40,42,44,49,50,56,57,62,65,67,69,71.0,72.0
A41191,24/07/2026,00:16,05 06 13 33 35 38 40 41 42 49 52 53 54 66 67 68 70 72 74 79,5,6,13,33,35,38,40,41,42,49,52,53,54,66,67,68,70,72,74.0,79.0
A41190,24/07/2026,00:12,03 08 11 18 33 34 39 41 43 45 48 50 55 56 57 60 63 65 69 70,3,8,11,18,33,34,39,41,43,45,48,50,55,56,57,60,63,65,69.0,70.0
A41189,24/07/2026,00:08,03 11 13 14 17 25 31 33 35 38 45 53 56 57 59 60 62 74 75 77,3,11,13,14,17,25,31,33,35,38,45,53,56,57,59,60,62,74,75.0,77.0
A41188,24/07/2026,00:04,05 08 09 10 14 18 21 22 27 35 37 39 41 50 53 66 67 68 70 78,5,8,9,10,14,18,21,22,27,35,37,39,41,50,53,66,67,68,70.0,78.0
A41187,24/07/2026,00:00,05 06 07 10 11 13 20 21 28 42 43 45 46 49 50 52 54 55 76 77,5,6,7,10,11,13,20,21,28,42,43,45,46,49,50,52,54,55,76.0,77.0
A41186,23/07/2026,23:56,02 03 04 12 13 18 20 24 27 30 33 34 36 44 48 56 57 73 77 79,2,3,4,12,13,18,20,24,27,30,33,34,36,44,48,56,57,73,77.0,79.0
A41185,23/07/2026,23:52,01 05 07 10 20 22 23 27 39 42 43 46 61 62 63 65 68 69 71 73,1,5,7,10,20,22,23,27,39,42,43,46,61,62,63,65,68,69,71.0,73.0
A41184,23/07/2026,23:48,02 07 11 13 14 21 30 31 38 41 46 47 49 56 59 64 71 75 78 80,2,7,11,13,14,21,30,31,38,41,46,47,49,56,59,64,71,75,78.0,80.0
A41183,23/07/2026,23:44,05 15 17 23 24 28 34 38 42 46 58 59 61 65 67 72 73 74 76 78,5,15,17,23,24,28,34,38,42,46,58,59,61,65,67,72,73,74,76.0,78.0
A41182,23/07/2026,23:40,04 09 15 17 20 21 26 27 33 36 37 40 44 46 47 62 64 73 77 79,4,9,15,17,20,21,26,27,33,36,37,40,44,46,47,62,64,73,77.0,79.0
A41181,23/07/2026,23:36,04 05 16 21 27 30 39 40 41 44 45 52 54 60 61 63 67 69 76 78,4,5,16,21,27,30,39,40,41,44,45,52,54,60,61,63,67,69,76.0,78.0
A41180,23/07/2026,23:32,06 07 11 18 27 39 45 47 51 59 63 66 67 68 71 73 74 77 78 80,6,7,11,18,27,39,45,47,51,59,63,66,67,68,71,73,74,77,78.0,80.0
A41179,23/07/2026,23:28,01 02 06 08 10 16 21 22 26 30 44 49 55 56 63 64 70 71 72 74,1,2,6,8,10,16,21,22,26,30,44,49,55,56,63,64,70,71,72.0,74.0
A41167,23/07/2026,22:40,02 03 04 08 10 14 15 17 20 22 24 26 30 31 35 37 39 41 69 74,2,3,4,8,10,14,15,17,20,22,24,26,30,31,35,37,39,41,69.0,74.0
A41166,23/07/2026,22:36,02 04 05 07 14 19 21 40 41 47 50 51 52 61 73 74 75 76 77 78,2,4,5,7,14,19,21,40,41,47,50,51,52,61,73,74,75,76,77.0,78.0
A41165,23/07/2026,22:32,01 02 05 14 16 19 24 27 30 36 43 44 48 49 60 61 67 70 74 76,1,2,5,14,16,19,24,27,30,36,43,44,48,49,60,61,67,70,74.0,76.0
A41164,23/07/2026,22:28,07 10 12 15 21 28 30 38 39 40 41 42 54 55 58 65 68 73 77 79,7,10,12,15,21,28,30,38,39,40,41,42,54,55,58,65,68,73,77.0,79.0
A41163,23/07/2026,22:24,01 11 15 18 20 21 28 29 30 33 36 39 45 51 52 62 68 73 74 75,1,11,15,18,20,21,28,29,30,33,36,39,45,51,52,62,68,73,74.0,75.0
A41162,23/07/2026,22:20,05 09 10 12 18 19 21 22 30 38 39 40 44 48 52 60 62 65 73 79,5,9,10,12,18,19,21,22,30,38,39,40,44,48,52,60,62,65,73.0,79.0
A41161,23/07/2026,22:16,09 10 16 20 22 23 32 33 43 45 48 50 56 59 61 64 67 68 71 76,9,10,16,20,22,23,32,33,43,45,48,50,56,59,61,64,67,68,71.0,76.0
A41160,23/07/2026,22:12,02 05 11 21 22 24 25 28 38 46 47 52 57 59 63 67 69 75 76 80,2,5,11,21,22,24,25,28,38,46,47,52,57,59,63,67,69,75,76.0,80.0
A41159,23/07/2026,22:08,02 03 05 13 15 16 22 31 37 41 51 52 59 67 68 70 71 72 74 79,2,3,5,13,15,16,22,31,37,41,51,52,59,67,68,70,71,72,74.0,79.0
A41147,23/07/2026,21:20,03 08 11 19 21 29 34 38 39 42 43 44 46 48 51 57 59 62 66 72,3,8,11,19,21,29,34,38,39,42,43,44,46,48,51,57,59,62,66.0,72.0
A41146,23/07/2026,21:16,01 06 09 11 12 15 19 25 27 28 29 35 51 52 62 70 72 73 75 76,1,6,9,11,12,15,19,25,27,28,29,35,51,52,62,70,72,73,75.0,76.0
A41145,23/07/2026,21:12,05 07 10 13 33 35 37 39 44 48 51 53 54 55 57 66 68 76 79 80,5,7,10,13,33,35,37,39,44,48,51,53,54,55,57,66,68,76,79.0,80.0
A41144,23/07/2026,21:08,02 05 18 19 20 25 26 27 28 37 40 44 47 58 61 63 64 68 72 74,2,5,18,19,20,25,26,27,28,37,40,44,47,58,61,63,64,68,72.0,74.0
A41143,23/07/2026,21:04,01 13 22 37 38 39 42 43 46 54 59 63 65 66 72 73 77 78 79 80,1,13,22,37,38,39,42,43,46,54,59,63,65,66,72,73,77,78,79.0,80.0
A41142,23/07/2026,21:00,01 02 06 07 13 19 20 22 30 33 34 36 37 45 53 57 66 77 78 79,1,2,6,7,13,19,20,22,30,33,34,36,37,45,53,57,66,77,78.0,79.0
A41141,23/07/2026,20:56,01 03 05 08 10 14 16 17 35 41 44 47 51 63 65 68 69 77 79 80,1,3,5,8,10,14,16,17,35,41,44,47,51,63,65,68,69,77,79.0,80.0
A41140,23/07/2026,20:52,07 08 13 14 16 17 19 20 24 26 28 36 37 40 48 51 57 63 75 79,7,8,13,14,16,17,19,20,24,26,28,36,37,40,48,51,57,63,75.0,79.0
A41139,23/07/2026,20:48,03 09 11 13 14 17 26 30 32 37 42 49 51 55 60 65 66 68 74 77,3,9,11,13,14,17,26,30,32,37,42,49,51,55,60,65,66,68,74.0,77.0
A41107,23/07/2026,18:40,01 02 06 09 29 32 34 35 40 41 42 44 46 48 51 55 57 67 72 74,1,2,6,9,29,32,34,35,40,41,42,44,46,48,51,55,57,67,72.0,74.0
A41106,23/07/2026,18:36,02 04 07 10 20 23 24 27 28 38 39 44 47 48 58 65 71 78 79 80,2,4,7,10,20,23,24,27,28,38,39,44,47,48,58,65,71,78,79.0,80.0
A41105,23/07/2026,18:32,04 13 16 23 25 29 30 32 33 34 38 41 51 60 61 68 69 70 72 74,4,13,16,23,25,29,30,32,33,34,38,41,51,60,61,68,69,70,72.0,74.0
A41104,23/07/2026,18:28,01 02 03 09 13 18 19 20 27 28 43 44 46 56 57 58 68 69 71 76,1,2,3,9,13,18,19,20,27,28,43,44,46,56,57,58,68,69,71.0,76.0
A41103,23/07/2026,18:24,01 07 12 14 19 23 26 28 31 32 34 35 38 51 53 57 64 70 72 75,1,7,12,14,19,23,26,28,31,32,34,35,38,51,53,57,64,70,72.0,75.0
A41102,23/07/2026,18:20,14 17 19 23 30 31 32 33 42 46 49 53 58 60 67 69 71 74 76 80,14,17,19,23,30,31,32,33,42,46,49,53,58,60,67,69,71,74,76.0,80.0
A41101,23/07/2026,18:16,08 12 14 18 21 24 26 27 29 30 31 32 38 40 42 54 56 57 68 76,8,12,14,18,21,24,26,27,29,30,31,32,38,40,42,54,56,57,68.0,76.0
A41100,23/07/2026,18:12,07 12 15 21 25 29 31 32 40 42 44 51 55 62 66 70 71 73 76 78,7,12,15,21,25,29,31,32,40,42,44,51,55,62,66,70,71,73,76.0,78.0
A41099,23/07/2026,18:08,03 07 10 20 25 26 27 37 38 40 44 47 49 50 56 58 59 63 72 78,3,7,10,20,25,26,27,37,38,40,44,47,49,50,56,58,59,63,72.0,78.0
A41087,23/07/2026,17:20,03 04 07 08 15 16 25 26 28 37 43 45 48 49 52 58 60 62 63 77,3,4,7,8,15,16,25,26,28,37,43,45,48,49,52,58,60,62,63.0,77.0
A41086,23/07/2026,17:16,05 06 08 09 10 11 16 21 33 35 39 43 49 55 57 60 67 71 72 80,5,6,8,9,10,11,16,21,33,35,39,43,49,55,57,60,67,71,72.0,80.0
A41085,23/07/2026,17:12,01 02 03 06 12 14 17 19 20 25 28 34 39 40 41 44 52 53 66 67,1,2,3,6,12,14,17,19,20,25,28,34,39,40,41,44,52,53,66.0,67.0
A41084,23/07/2026,17:08,02 11 12 14 16 18 21 22 25 27 32 37 41 42 57 61 64 66 67 72,2,11,12,14,16,18,21,22,25,27,32,37,41,42,57,61,64,66,67.0,72.0
A41083,23/07/2026,17:04,07 09 10 15 17 20 21 27 28 36 39 42 43 45 56 62 63 65 68 75,7,9,10,15,17,20,21,27,28,36,39,42,43,45,56,62,63,65,68.0,75.0
A41082,23/07/2026,17:00,12 15 16 25 33 36 38 47 52 53 57 59 63 66 67 73 74 75 76 80,12,15,16,25,33,36,38,47,52,53,57,59,63,66,67,73,74,75,76.0,80.0
A41081,23/07/2026,16:56,03 11 18 24 29 31 32 41 43 44 52 55 56 60 64 67 68 71 76 79,3,11,18,24,29,31,32,41,43,44,52,55,56,60,64,67,68,71,76.0,79.0
A41080,23/07/2026,16:52,08 13 14 15 19 20 21 26 28 29 33 43 52 56 58 59 62 65 67 73,8,13,14,15,19,20,21,26,28,29,33,43,52,56,58,59,62,65,67.0,73.0
A41079,23/07/2026,16:48,11 17 34 40 42 45 46 50 52 53 56 57 59 60 63 64 67 70 76 77,11,17,34,40,42,45,46,50,52,53,56,57,59,60,63,64,67,70,76.0,77.0
A41067,23/07/2026,16:00,01 04 09 11 16 28 30 33 39 42 43 55 61 63 66 67 71 75 76 79,1,4,9,11,16,28,30,33,39,42,43,55,61,63,66,67,71,75,76.0,79.0
A41066,23/07/2026,15:56,01 05 06 12 13 14 21 23 32 35 36 38 44 47 49 60 61 66 69 74,1,5,6,12,13,14,21,23,32,35,36,38,44,47,49,60,61,66,69.0,74.0
A41065,23/07/2026,15:52,01 09 14 17 18 21 26 29 32 33 34 42 43 47 59 60 64 66 74 75,1,9,14,17,18,21,26,29,32,33,34,42,43,47,59,60,64,66,74.0,75.0
A41064,23/07/2026,15:48,03 05 08 12 13 17 18 21 26 29 30 37 43 60 61 62 66 70 73 79,3,5,8,12,13,17,18,21,26,29,30,37,43,60,61,62,66,70,73.0,79.0
A41063,23/07/2026,15:44,01 02 03 14 15 17 21 23 31 36 37 38 40 45 46 48 51 55 74 76,1,2,3,14,15,17,21,23,31,36,37,38,40,45,46,48,51,55,74.0,76.0
A41062,23/07/2026,15:40,01 03 06 07 08 09 14 15 22 27 31 33 39 41 43 45 48 49 59 67,1,3,6,7,8,9,14,15,22,27,31,33,39,41,43,45,48,49,59.0,67.0
A41061,23/07/2026,15:36,09 14 27 32 36 37 39 40 44 45 55 58 60 63 65 68 70 71 74 76,9,14,27,32,36,37,39,40,44,45,55,58,60,63,65,68,70,71,74.0,76.0
A41060,23/07/2026,15:32,01 02 04 05 16 20 24 26 31 33 35 40 44 49 62 64 68 69 73 79,1,2,4,5,16,20,24,26,31,33,35,40,44,49,62,64,68,69,73.0,79.0
A41059,23/07/2026,15:28,10 11 15 18 23 29 32 33 39 41 46 48 53 57 61 62 65 66 71 78,10,11,15,18,23,29,32,33,39,41,46,48,53,57,61,62,65,66,71.0,78.0
A41047,23/07/2026,14:40,01 06 11 12 13 15 16 17 19 34 38 40 42 52 53 57 63 64 65 71,1,6,11,12,13,15,16,17,19,34,38,40,42,52,53,57,63,64,65.0,71.0
A41046,23/07/2026,14:36,05 07 08 10 15 19 23 26 29 30 34 35 38 39 48 54 62 63 67 70,5,7,8,10,15,19,23,26,29,30,34,35,38,39,48,54,62,63,67.0,70.0
A41045,23/07/2026,14:32,06 12 17 18 20 32 34 46 49 50 53 55 62 63 64 67 71 76 77 80,6,12,17,18,20,32,34,46,49,50,53,55,62,63,64,67,71,76,77.0,80.0
A41044,23/07/2026,14:28,01 02 03 07 08 12 13 16 22 23 26 28 31 32 33 42 54 56 63 75,1,2,3,7,8,12,13,16,22,23,26,28,31,32,33,42,54,56,63.0,75.0
A41043,23/07/2026,14:24,18 19 20 21 32 37 40 41 44 45 52 57 58 59 60 63 66 68 69 80,18,19,20,21,32,37,40,41,44,45,52,57,58,59,60,63,66,68,69.0,80.0
A41042,23/07/2026,14:20,04 08 09 13 16 18 24 29 30 40 43 45 51 52 53 64 67 68 71 74,4,8,9,13,16,18,24,29,30,40,43,45,51,52,53,64,67,68,71.0,74.0
A41041,23/07/2026,14:16,03 10 12 18 19 27 30 32 41 42 52 54 61 63 64 65 66 71 75 80,3,10,12,18,19,27,30,32,41,42,52,54,61,63,64,65,66,71,75.0,80.0
A41040,23/07/2026,14:12,04 09 17 20 25 28 29 31 34 36 37 40 46 52 56 61 68 70 75 78,4,9,17,20,25,28,29,31,34,36,37,40,46,52,56,61,68,70,75.0,78.0
A41039,23/07/2026,14:08,01 02 03 11 22 34 35 37 38 41 53 58 61 63 65 66 69 71 72 75,1,2,3,11,22,34,35,37,38,41,53,58,61,63,65,66,69,71,72.0,75.0
A41027,23/07/2026,13:20,08 15 19 23 26 33 36 38 39 40 47 48 50 51 59 63 64 68 75 76,8,15,19,23,26,33,36,38,39,40,47,48,50,51,59,63,64,68,75.0,76.0
A41026,23/07/2026,13:16,01 02 05 07 08 09 10 12 16 18 21 23 34 35 38 39 42 61 62 67,1,2,5,7,8,9,10,12,16,18,21,23,34,35,38,39,42,61,62.0,67.0
A41025,23/07/2026,13:12,12 13 14 24 35 40 41 42 46 47 53 56 60 64 65 67 69 76 78 79,12,13,14,24,35,40,41,42,46,47,53,56,60,64,65,67,69,76,78.0,79.0
A41024,23/07/2026,13:08,03 11 13 17 21 22 23 26 27 28 30 33 36 44 62 66 71 74 79 80,3,11,13,17,21,22,23,26,27,28,30,33,36,44,62,66,71,74,79.0,80.0
A41023,23/07/2026,13:04,01 02 07 13 17 22 23 26 28 31 35 41 44 48 53 58 61 68 75 76,1,2,7,13,17,22,23,26,28,31,35,41,44,48,53,58,61,68,75.0,76.0
A41022,23/07/2026,13:00,02 05 06 09 21 23 24 28 29 37 43 54 56 60 64 65 68 73 74 77,2,5,6,9,21,23,24,28,29,37,43,54,56,60,64,65,68,73,74.0,77.0
A41021,23/07/2026,12:56,04 08 13 15 27 39 41 42 43 45 51 58 61 62 70 72 74 75 78 80,4,8,13,15,27,39,41,42,43,45,51,58,61,62,70,72,74,75,78.0,80.0
A41020,23/07/2026,12:52,02 04 10 11 14 15 18 20 22 24 30 33 37 51 58 61 64 74 75 80,2,4,10,11,14,15,18,20,22,24,30,33,37,51,58,61,64,74,75.0,80.0
A41019,23/07/2026,12:48,08 12 18 23 26 29 36 37 40 41 47 48 50 59 64 70 71 72 74 76,8,12,18,23,26,29,36,37,40,41,47,48,50,59,64,70,71,72,74.0,76.0
A40229,21/07/2026,08:08,01 07 16 17 20 23 25 26 27 36 38 41 44 69 70 71 73 74 75 77,1,7,16,17,20,23,25,26,27,36,38,41,44,69,70,71,73,74,75.0,77.0
A40228,21/07/2026,08:04,13 16 19 20 28 33 34 40 43 47 50 54 56 59 63 69 72 74 75 79,13,16,19,20,28,33,34,40,43,47,50,54,56,59,63,69,72,74,75.0,79.0
A40227,21/07/2026,08:00,01 07 10 14 18 30 31 33 37 44 52 59 60 62 63 67 68 73 78 79,1,7,10,14,18,30,31,33,37,44,52,59,60,62,63,67,68,73,78.0,79.0
A40226,21/07/2026,07:56,02 06 07 12 13 20 32 41 44 46 47 55 56 60 63 66 68 70 76 80,2,6,7,12,13,20,32,41,44,46,47,55,56,60,63,66,68,70,76.0,80.0
A40225,21/07/2026,07:52,01 02 03 04 06 12 13 18 19 21 28 36 40 41 42 45 52 60 64 69,1,2,3,4,6,12,13,18,19,21,28,36,40,41,42,45,52,60,64.0,69.0
A40224,21/07/2026,07:48,03 08 11 22 23 25 28 32 36 38 44 45 49 52 55 59 60 71 76 79,3,8,11,22,23,25,28,32,36,38,44,45,49,52,55,59,60,71,76.0,79.0
A40223,21/07/2026,07:44,08 11 19 20 22 23 27 31 34 35 36 38 39 43 50 55 57 61 65 69,8,11,19,20,22,23,27,31,34,35,36,38,39,43,50,55,57,61,65.0,69.0
A40222,21/07/2026,07:40,01 03 05 06 15 18 20 28 39 43 46 48 49 55 57 64 66 67 73 74,1,3,5,6,15,18,20,28,39,43,46,48,49,55,57,64,66,67,73.0,74.0
A40221,21/07/2026,07:36,02 03 05 12 13 14 24 25 31 35 38 39 55 57 62 66 67 69 73 78,2,3,5,12,13,14,24,25,31,35,38,39,55,57,62,66,67,69,73.0,78.0
A40209,21/07/2026,06:48,02 09 13 19 24 26 28 29 46 47 52 53 56 57 59 69 71 72 77 80,2,9,13,19,24,26,28,29,46,47,52,53,56,57,59,69,71,72,77.0,80.0
A40208,21/07/2026,06:44,01 02 03 13 15 16 24 31 34 37 39 51 52 53 61 63 66 67 69 78,1,2,3,13,15,16,24,31,34,37,39,51,52,53,61,63,66,67,69.0,78.0
A40207,21/07/2026,06:40,08 10 12 15 18 19 26 28 29 43 44 46 53 55 56 59 60 66 72 75,8,10,12,15,18,19,26,28,29,43,44,46,53,55,56,59,60,66,72.0,75.0
A40206,21/07/2026,06:36,06 07 10 11 13 20 22 23 45 52 54 57 61 64 68 69 73 76 77 78,6,7,10,11,13,20,22,23,45,52,54,57,61,64,68,69,73,76,77.0,78.0
A40205,21/07/2026,06:32,01 02 06 15 21 22 24 28 40 47 49 58 60 64 65 67 76 78 79 80,1,2,6,15,21,22,24,28,40,47,49,58,60,64,65,67,76,78,79.0,80.0
A40204,21/07/2026,06:28,04 07 16 19 21 25 36 37 38 40 41 45 47 51 53 58 65 72 74 80,4,7,16,19,21,25,36,37,38,40,41,45,47,51,53,58,65,72,74.0,80.0
A40203,21/07/2026,06:24,05 13 15 22 23 26 28 31 32 40 45 47 49 53 61 63 64 65 73 78,5,13,15,22,23,26,28,31,32,40,45,47,49,53,61,63,64,65,73.0,78.0
A40202,21/07/2026,06:20,02 04 06 10 17 20 22 35 37 38 40 46 47 58 64 65 67 70 72 73,2,4,6,10,17,20,22,35,37,38,40,46,47,58,64,65,67,70,72.0,73.0
A40201,21/07/2026,06:16,01 07 08 09 10 19 24 25 27 30 32 49 52 53 57 59 62 64 69 75,1,7,8,9,10,19,24,25,27,30,32,49,52,53,57,59,62,64,69.0,75.0
A40189,21/07/2026,05:28,06 09 20 32 33 36 38 39 41 45 47 53 56 58 63 64 67 72 73 76,6,9,20,32,33,36,38,39,41,45,47,53,56,58,63,64,67,72,73.0,76.0
A40188,21/07/2026,05:24,08 09 26 29 32 34 35 37 41 44 45 46 50 53 62 64 65 69 72 74,8,9,26,29,32,34,35,37,41,44,45,46,50,53,62,64,65,69,72.0,74.0
A40187,21/07/2026,05:20,02 05 06 11 14 21 35 40 43 44 46 47 49 56 59 60 61 71 72 78,2,5,6,11,14,21,35,40,43,44,46,47,49,56,59,60,61,71,72.0,78.0
A40186,21/07/2026,05:16,03 07 09 13 17 18 19 23 26 33 47 55 56 58 59 68 69 70 72 76,3,7,9,13,17,18,19,23,26,33,47,55,56,58,59,68,69,70,72.0,76.0
A40185,21/07/2026,05:12,01 02 07 11 14 16 19 20 21 31 33 36 39 43 46 49 50 54 69 78,1,2,7,11,14,16,19,20,21,31,33,36,39,43,46,49,50,54,69.0,78.0
A40184,21/07/2026,05:08,01 05 09 13 19 20 22 29 31 40 44 47 50 57 65 67 71 73 77 79,1,5,9,13,19,20,22,29,31,40,44,47,50,57,65,67,71,73,77.0,79.0
A40183,21/07/2026,05:04,04 08 09 11 19 21 23 35 36 37 39 41 44 46 48 50 60 63 68 77,4,8,9,11,19,21,23,35,36,37,39,41,44,46,48,50,60,63,68.0,77.0
A40182,21/07/2026,05:00,04 10 13 15 20 27 34 35 37 38 42 43 44 47 56 60 73 74 77 80,4,10,13,15,20,27,34,35,37,38,42,43,44,47,56,60,73,74,77.0,80.0
A40181,21/07/2026,04:56,07 11 17 19 20 21 22 25 28 31 35 47 49 55 59 61 62 67 68 75,7,11,17,19,20,21,22,25,28,31,35,47,49,55,59,61,62,67,68.0,75.0
A40169,21/07/2026,04:08,05 07 15 22 23 26 35 42 47 49 54 55 57 58 59 64 67 71 72 79,5,7,15,22,23,26,35,42,47,49,54,55,57,58,59,64,67,71,72.0,79.0
A40168,21/07/2026,04:04,01 04 05 06 13 17 22 23 29 32 37 38 40 49 50 55 60 64 70 76,1,4,5,6,13,17,22,23,29,32,37,38,40,49,50,55,60,64,70.0,76.0
A40167,21/07/2026,04:00,01 02 05 10 11 14 20 21 28 29 37 41 45 59 60 66 69 70 74 78,1,2,5,10,11,14,20,21,28,29,37,41,45,59,60,66,69,70,74.0,78.0
A40166,21/07/2026,03:56,04 10 15 18 22 30 32 36 43 45 46 47 58 60 65 66 70 71 74 79,4,10,15,18,22,30,32,36,43,45,46,47,58,60,65,66,70,71,74.0,79.0
A40165,21/07/2026,03:52,03 08 11 15 17 22 28 29 33 36 41 51 55 68 69 74 75 77 78 79,3,8,11,15,17,22,28,29,33,36,41,51,55,68,69,74,75,77,78.0,79.0
A40164,21/07/2026,03:48,02 03 14 20 22 24 26 30 39 40 43 45 52 58 61 62 64 71 75 77,2,3,14,20,22,24,26,30,39,40,43,45,52,58,61,62,64,71,75.0,77.0
A40163,21/07/2026,03:44,03 05 12 13 14 15 21 27 28 29 32 38 39 41 45 54 57 59 60 74,3,5,12,13,14,15,21,27,28,29,32,38,39,41,45,54,57,59,60.0,74.0
A40162,21/07/2026,03:40,04 05 08 16 17 18 20 21 23 28 31 41 46 47 58 59 60 64 73 80,4,5,8,16,17,18,20,21,23,28,31,41,46,47,58,59,60,64,73.0,80.0
A40161,21/07/2026,03:36,02 07 08 09 14 15 17 20 21 33 35 36 39 41 45 51 54 61 65 67,2,7,8,9,14,15,17,20,21,33,35,36,39,41,45,51,54,61,65.0,67.0
A40149,21/07/2026,02:48,02 06 08 10 13 14 16 20 21 23 32 36 43 46 47 51 57 66 69 74,2,6,8,10,13,14,16,20,21,23,32,36,43,46,47,51,57,66,69.0,74.0
A40148,21/07/2026,02:44,01 02 08 09 12 16 18 22 24 32 39 40 42 45 46 58 62 67 75 78,1,2,8,9,12,16,18,22,24,32,39,40,42,45,46,58,62,67,75.0,78.0
A40147,21/07/2026,02:40,11 12 16 19 20 21 25 26 36 39 40 44 45 49 51 55 59 68 74 80,11,12,16,19,20,21,25,26,36,39,40,44,45,49,51,55,59,68,74.0,80.0
A40146,21/07/2026,02:36,02 04 08 16 22 26 33 38 41 44 49 50 54 57 58 66 67 69 74 76,2,4,8,16,22,26,33,38,41,44,49,50,54,57,58,66,67,69,74.0,76.0
A40145,21/07/2026,02:32,02 04 05 06 09 17 22 24 26 31 36 54 61 62 66 69 75 76 79 80,2,4,5,6,9,17,22,24,26,31,36,54,61,62,66,69,75,76,79.0,80.0
A40144,21/07/2026,02:28,09 13 14 20 25 28 31 32 35 36 37 38 46 48 59 60 61 63 66 67,9,13,14,20,25,28,31,32,35,36,37,38,46,48,59,60,61,63,66.0,67.0
A40143,21/07/2026,02:24,01 05 15 16 23 37 39 41 42 50 56 57 58 60 65 67 71 72 74 78,1,5,15,16,23,37,39,41,42,50,56,57,58,60,65,67,71,72,74.0,78.0
A40142,21/07/2026,02:20,02 10 18 20 21 22 29 31 38 51 56 61 66 67 69 71 72 73 75 79,2,10,18,20,21,22,29,31,38,51,56,61,66,67,69,71,72,73,75.0,79.0
A40141,21/07/2026,02:16,04 10 11 15 19 23 24 26 27 31 33 51 53 54 55 56 57 58 69 75,4,10,11,15,19,23,24,26,27,31,33,51,53,54,55,56,57,58,69.0,75.0
A40129,21/07/2026,01:28,16 18 23 24 33 40 41 43 47 48 53 54 56 57 60 66 70 73 78 80,16,18,23,24,33,40,41,43,47,48,53,54,56,57,60,66,70,73,78.0,80.0
A40128,21/07/2026,01:24,02 03 07 08 09 10 13 17 26 27 28 31 32 48 53 60 68 70 72 80,2,3,7,8,9,10,13,17,26,27,28,31,32,48,53,60,68,70,72.0,80.0
A40127,21/07/2026,01:20,01 02 03 07 15 16 21 24 26 30 32 42 44 47 55 61 65 73 74 77,1,2,3,7,15,16,21,24,26,30,32,42,44,47,55,61,65,73,74.0,77.0
A40126,21/07/2026,01:16,01 02 09 10 11 12 20 30 31 37 39 48 50 51 58 63 64 66 71 77,1,2,9,10,11,12,20,30,31,37,39,48,50,51,58,63,64,66,71.0,77.0
A40125,21/07/2026,01:12,08 16 19 26 27 36 38 39 41 45 46 47 49 56 68 70 71 75 77 79,8,16,19,26,27,36,38,39,41,45,46,47,49,56,68,70,71,75,77.0,79.0
A40124,21/07/2026,01:08,01 03 12 15 18 19 21 25 33 37 45 47 49 50 55 59 62 63 64 73,1,3,12,15,18,19,21,25,33,37,45,47,49,50,55,59,62,63,64.0,73.0
A40123,21/07/2026,01:04,02 04 06 15 16 17 25 26 29 33 35 50 54 56 59 63 64 67 68 77,2,4,6,15,16,17,25,26,29,33,35,50,54,56,59,63,64,67,68.0,77.0
A40122,21/07/2026,01:00,02 06 09 14 15 16 18 24 27 32 33 44 49 57 62 63 64 70 75 79,2,6,9,14,15,16,18,24,27,32,33,44,49,57,62,63,64,70,75.0,79.0
A40121,21/07/2026,00:56,02 04 09 13 18 21 22 28 29 30 34 35 36 38 39 41 49 53 64 77,2,4,9,13,18,21,22,28,29,30,34,35,36,38,39,41,49,53,64.0,77.0
A40109,21/07/2026,00:08,12 17 18 21 24 25 26 29 31 33 34 38 46 47 49 58 65 68 75 78,12,17,18,21,24,25,26,29,31,33,34,38,46,47,49,58,65,68,75.0,78.0
A40108,21/07/2026,00:04,03 07 08 13 19 24 28 29 31 32 39 41 43 49 56 57 63 67 69 71,3,7,8,13,19,24,28,29,31,32,39,41,43,49,56,57,63,67,69.0,71.0
A40107,21/07/2026,00:00,01 01 04 09 10 11 13 15 20 23 35 36 38 39 42 45 51 56 61 67 73,1,1,4,9,10,11,13,15,20,23,35,36,38,39,42,45,51,56,61.0,67.0
A40106,20/07/2026,23:56,01 01 02 15 16 19 20 22 34 36 37 42 44 49 51 56 57 67 69 74 79,1,1,2,15,16,19,20,22,34,36,37,42,44,49,51,56,57,67,69.0,74.0
A40105,20/07/2026,23:52,01 03 05 06 13 16 20 23 33 39 41 44 46 51 55 60 64 68 70 71 77,1,3,5,6,13,16,20,23,33,39,41,44,46,51,55,60,64,68,70.0,71.0
A40104,20/07/2026,23:48,01 01 09 10 11 13 14 16 17 19 21 27 28 29 33 37 44 45 47 55 60,1,1,9,10,11,13,14,16,17,19,21,27,28,29,33,37,44,45,47.0,55.0
A40103,20/07/2026,23:44,01 01 05 06 11 17 19 28 33 34 36 40 41 45 50 52 73 74 75 78 79,1,1,5,6,11,17,19,28,33,34,36,40,41,45,50,52,73,74,75.0,78.0
A40102,20/07/2026,23:40,01 01 05 10 13 24 32 35 42 43 44 45 54 56 59 63 65 69 73 75 76,1,1,5,10,13,24,32,35,42,43,44,45,54,56,59,63,65,69,73.0,75.0
A40101,20/07/2026,23:36,01 01 03 06 09 10 17 21 22 23 32 34 37 55 60 64 65 66 72 73 77,1,1,3,6,9,10,17,21,22,23,32,34,37,55,60,64,65,66,72.0,73.0
A40100,20/07/2026,23:32,01 01 07 12 14 22 35 37 39 42 45 46 49 52 54 55 59 61 62 68 80,1,1,7,12,14,22,35,37,39,42,45,46,49,52,54,55,59,61,62.0,68.0
A40099,20/07/2026,23:28,01 03 04 06 11 14 19 20 28 29 32 40 45 53 56 58 62 65 67 72 74,1,3,4,6,11,14,19,20,28,29,32,40,45,53,56,58,62,65,67.0,72.0
A40087,20/07/2026,22:40,02 05 12 15 16 18 19 20 26 30 37 41 42 44 45 48 61 63 64 72 74,2,5,12,15,16,18,19,20,26,30,37,41,42,44,45,48,61,63,64.0,72.0
A40086,20/07/2026,22:36,02 02 03 05 07 08 11 15 17 22 33 35 36 37 40 47 56 60 61 69 77,2,2,3,5,7,8,11,15,17,22,33,35,36,37,40,47,56,60,61.0,69.0
A40085,20/07/2026,22:32,02 07 10 13 16 17 24 29 35 40 43 46 50 59 60 61 62 64 65 67 68,2,7,10,13,16,17,24,29,35,40,43,46,50,59,60,61,62,64,65.0,67.0
A40084,20/07/2026,22:28,02 07 09 14 15 16 20 21 29 35 43 45 50 51 53 57 63 64 67 70 71,2,7,9,14,15,16,20,21,29,35,43,45,50,51,53,57,63,64,67.0,70.0
A40083,20/07/2026,22:24,02 02 03 13 17 20 26 27 29 39 40 41 45 46 53 61 65 66 68 73 76,2,2,3,13,17,20,26,27,29,39,40,41,45,46,53,61,65,66,68.0,73.0
A40082,20/07/2026,22:20,01 02 03 07 15 18 19 23 25 27 28 31 36 44 51 52 53 63 70 71 72,1,2,3,7,15,18,19,23,25,27,28,31,36,44,51,52,53,63,70.0,71.0
A40081,20/07/2026,22:16,01 02 03 09 12 20 23 24 25 26 36 39 47 56 58 60 61 62 67 79 80,1,2,3,9,12,20,23,24,25,26,36,39,47,56,58,60,61,62,67.0,79.0
A40080,20/07/2026,22:12,02 04 06 10 13 20 26 35 43 47 50 54 55 59 62 64 65 69 70 73 76,2,4,6,10,13,20,26,35,43,47,50,54,55,59,62,64,65,69,70.0,73.0
A40079,20/07/2026,22:08,02 13 15 17 18 20 22 24 29 31 34 37 39 43 45 52 60 65 73 75 78,2,13,15,17,18,20,22,24,29,31,34,37,39,43,45,52,60,65,73.0,75.0
A40067,20/07/2026,21:20,03 03 05 08 12 13 16 25 27 29 30 33 34 39 49 51 54 59 66 70 72,3,3,5,8,12,13,16,25,27,29,30,33,34,39,49,51,54,59,66.0,70.0
A40066,20/07/2026,21:16,01 03 07 09 13 16 22 24 31 40 43 53 54 56 60 61 62 67 73 75 78,1,3,7,9,13,16,22,24,31,40,43,53,54,56,60,61,62,67,73.0,75.0
A40065,20/07/2026,21:12,02 03 13 14 15 22 26 30 44 46 49 51 57 63 69 73 74 75 77 78 79,2,3,13,14,15,22,26,30,44,46,49,51,57,63,69,73,74,75,77.0,78.0
A40064,20/07/2026,21:08,02 03 03 06 09 12 24 25 33 36 41 45 46 48 50 52 59 61 64 69 71,2,3,3,6,9,12,24,25,33,36,41,45,46,48,50,52,59,61,64.0,69.0
A40063,20/07/2026,21:04,01 03 06 08 10 25 28 29 38 39 40 48 51 52 55 61 63 66 68 73 76,1,3,6,8,10,25,28,29,38,39,40,48,51,52,55,61,63,66,68.0,73.0
A40062,20/07/2026,21:00,03 10 11 12 18 26 34 35 40 41 44 45 49 51 54 55 63 68 73 78 79,3,10,11,12,18,26,34,35,40,41,44,45,49,51,54,55,63,68,73.0,78.0
A40061,20/07/2026,20:56,03 11 15 16 21 29 33 36 41 43 45 47 49 53 54 56 59 60 64 74 75,3,11,15,16,21,29,33,36,41,43,45,47,49,53,54,56,59,60,64.0,74.0
A40060,20/07/2026,20:52,03 06 19 23 28 30 38 42 45 46 48 53 59 63 65 66 69 71 72 74 80,3,6,19,23,28,30,38,42,45,46,48,53,59,63,65,66,69,71,72.0,74.0
A40059,20/07/2026,20:48,02 03 05 06 12 23 33 37 44 46 47 48 49 53 55 56 57 58 62 65 73,2,3,5,6,12,23,33,37,44,46,47,48,49,53,55,56,57,58,62.0,65.0
A40047,20/07/2026,20:00,04 06 08 10 13 27 28 33 37 39 40 42 46 54 56 59 65 68 72 73 78,4,6,8,10,13,27,28,33,37,39,40,42,46,54,56,59,65,68,72.0,73.0
A40046,20/07/2026,19:56,01 04 05 08 14 16 19 21 22 27 32 37 39 45 54 58 59 62 66 69 76,1,4,5,8,14,16,19,21,22,27,32,37,39,45,54,58,59,62,66.0,69.0
A40045,20/07/2026,19:52,01 04 04 08 15 16 17 23 25 28 29 35 41 44 49 50 59 64 74 75 77,1,4,4,8,15,16,17,23,25,28,29,35,41,44,49,50,59,64,74.0,75.0
A40044,20/07/2026,19:48,01 04 05 08 10 12 25 33 34 37 40 42 43 45 48 55 57 62 64 71 72,1,4,5,8,10,12,25,33,34,37,40,42,43,45,48,55,57,62,64.0,71.0
A40043,20/07/2026,19:44,04 07 09 12 13 21 23 29 34 37 45 50 53 54 57 64 69 73 74 78 80,4,7,9,12,13,21,23,29,34,37,45,50,53,54,57,64,69,73,74.0,78.0
A40042,20/07/2026,19:40,04 07 08 09 16 19 22 24 29 32 37 40 42 43 46 51 61 66 69 71 74,4,7,8,9,16,19,22,24,29,32,37,40,42,43,46,51,61,66,69.0,71.0
A40041,20/07/2026,19:36,04 06 10 14 16 18 21 23 27 30 35 36 38 39 44 63 72 74 75 76 80,4,6,10,14,16,18,21,23,27,30,35,36,38,39,44,63,72,74,75.0,76.0
A40040,20/07/2026,19:32,01 04 09 12 13 17 18 25 31 36 41 45 54 56 59 65 71 72 73 75 79,1,4,9,12,13,17,18,25,31,36,41,45,54,56,59,65,71,72,73.0,75.0
A40039,20/07/2026,19:28,04 17 22 23 24 25 31 39 44 48 52 58 59 63 65 70 75 76 77 79 80,4,17,22,23,24,25,31,39,44,48,52,58,59,63,65,70,75,76,77.0,79.0
A40027,20/07/2026,18:40,01 05 07 15 19 21 26 27 28 31 40 41 47 48 56 57 58 63 67 77 79,1,5,7,15,19,21,26,27,28,31,40,41,47,48,56,57,58,63,67.0,77.0
A40026,20/07/2026,18:36,03 05 06 07 15 18 22 23 24 44 47 49 53 55 57 58 61 69 72 76 80,3,5,6,7,15,18,22,23,24,44,47,49,53,55,57,58,61,69,72.0,76.0
A40025,20/07/2026,18:32,05 05 14 15 26 27 30 33 34 35 37 41 43 50 56 58 60 70 72 76 80,5,5,14,15,26,27,30,33,34,35,37,41,43,50,56,58,60,70,72.0,76.0
A40024,20/07/2026,18:28,04 05 07 11 12 14 23 31 34 41 42 44 50 52 53 57 65 70 72 74 80,4,5,7,11,12,14,23,31,34,41,42,44,50,52,53,57,65,70,72.0,74.0
A40023,20/07/2026,18:24,05 17 27 30 31 35 42 47 49 53 54 56 58 61 63 69 70 72 73 75 78,5,17,27,30,31,35,42,47,49,53,54,56,58,61,63,69,70,72,73.0,75.0
A40022,20/07/2026,18:20,03 04 05 05 06 09 15 16 24 31 34 38 40 50 52 54 56 58 65 66 68,3,4,5,5,6,9,15,16,24,31,34,38,40,50,52,54,56,58,65.0,66.0
A40021,20/07/2026,18:16,05 09 10 15 17 18 20 32 37 39 45 53 54 55 57 58 59 62 72 77 78,5,9,10,15,17,18,20,32,37,39,45,53,54,55,57,58,59,62,72.0,77.0
A40020,20/07/2026,18:12,05 06 07 10 18 23 25 27 34 42 44 51 53 56 59 67 69 70 75 77 79,5,6,7,10,18,23,25,27,34,42,44,51,53,56,59,67,69,70,75.0,77.0
A40019,20/07/2026,18:08,01 03 05 09 12 15 18 21 28 30 33 41 42 43 46 50 54 57 60 74 78,1,3,5,9,12,15,18,21,28,30,33,41,42,43,46,50,54,57,60.0,74.0
A40007,20/07/2026,17:20,06 07 12 13 20 22 28 32 35 41 42 44 45 54 56 61 62 70 75 79 80,6,7,12,13,20,22,28,32,35,41,42,44,45,54,56,61,62,70,75.0,79.0
A40006,20/07/2026,17:16,06 06 13 18 21 25 26 30 31 33 34 35 45 51 54 56 68 69 73 76 79,6,6,13,18,21,25,26,30,31,33,34,35,45,51,54,56,68,69,73.0,76.0
A40005,20/07/2026,17:12,01 05 06 07 08 14 15 18 19 24 25 29 30 32 47 56 57 64 69 73 74,1,5,6,7,8,14,15,18,19,24,25,29,30,32,47,56,57,64,69.0,73.0
A40004,20/07/2026,17:08,01 03 05 06 07 10 16 18 21 22 23 29 33 44 47 64 65 74 76 77 78,1,3,5,6,7,10,16,18,21,22,23,29,33,44,47,64,65,74,76.0,77.0
A40003,20/07/2026,17:04,05 06 15 16 19 23 29 33 37 41 43 46 47 52 55 59 60 73 76 77 78,5,6,15,16,19,23,29,33,37,41,43,46,47,52,55,59,60,73,76.0,77.0
A40002,20/07/2026,17:00,01 03 05 06 06 12 20 28 30 32 35 46 52 53 58 61 68 69 70 72 74,1,3,5,6,6,12,20,28,30,32,35,46,52,53,58,61,68,69,70.0,72.0
A40001,20/07/2026,16:56,04 05 06 11 12 14 16 18 29 30 33 42 46 51 59 61 66 67 73 74 80,4,5,6,11,12,14,16,18,29,30,33,42,46,51,59,61,66,67,73.0,74.0
A40000,20/07/2026,16:52,03 06 06 09 12 20 23 28 45 46 51 53 60 62 66 68 70 72 74 75 77,3,6,6,9,12,20,23,28,45,46,51,53,60,62,66,68,70,72,74.0,75.0
A39999,20/07/2026,16:48,02 06 13 14 16 20 38 40 42 45 52 54 56 59 63 67 71 72 74 76 80,2,6,13,14,16,20,38,40,42,45,52,54,56,59,63,67,71,72,74.0,76.0
A39987,20/07/2026,16:00,03 04 07 08 14 17 18 19 30 40 46 48 55 56 61 63 64 67 68 75 76,3,4,7,8,14,17,18,19,30,40,46,48,55,56,61,63,64,67,68.0,75.0
A39986,20/07/2026,15:56,02 05 06 07 25 27 29 36 37 40 42 43 46 47 59 72 75 76 77 78 79,2,5,6,7,25,27,29,36,37,40,42,43,46,47,59,72,75,76,77.0,78.0
A39985,20/07/2026,15:52,01 02 06 07 12 21 24 27 32 49 53 56 57 60 68 72 73 74 75 76 80,1,2,6,7,12,21,24,27,32,49,53,56,57,60,68,72,73,74,75.0,76.0
A39984,20/07/2026,15:48,03 07 11 13 14 18 21 23 24 33 35 36 42 44 50 51 52 66 69 74 79,3,7,11,13,14,18,21,23,24,33,35,36,42,44,50,51,52,66,69.0,74.0
A39983,20/07/2026,15:44,01 04 07 12 15 18 20 32 33 37 40 45 47 55 57 58 59 64 68 70 78,1,4,7,12,15,18,20,32,33,37,40,45,47,55,57,58,59,64,68.0,70.0
A39982,20/07/2026,15:40,03 06 07 11 12 16 24 29 32 33 40 41 50 52 56 57 59 69 70 76 80,3,6,7,11,12,16,24,29,32,33,40,41,50,52,56,57,59,69,70.0,76.0
A39981,20/07/2026,15:36,04 07 10 11 21 22 23 25 26 32 33 37 44 47 48 54 63 69 77 79 80,4,7,10,11,21,22,23,25,26,32,33,37,44,47,48,54,63,69,77.0,79.0
A39980,20/07/2026,15:32,05 07 10 11 19 20 22 23 29 30 39 43 45 48 52 56 59 63 67 71 72,5,7,10,11,19,20,22,23,29,30,39,43,45,48,52,56,59,63,67.0,71.0
A39979,20/07/2026,15:28,04 05 06 07 14 17 21 22 25 28 39 44 51 52 54 58 62 67 68 70 75,4,5,6,7,14,17,21,22,25,28,39,44,51,52,54,58,62,67,68.0,70.0
A39967,20/07/2026,14:40,04 05 08 09 12 16 17 25 30 32 38 39 44 46 48 51 53 66 70 77 80,4,5,8,9,12,16,17,25,30,32,38,39,44,46,48,51,53,66,70.0,77.0
A39966,20/07/2026,14:36,03 04 05 07 08 11 17 19 25 27 29 33 38 40 41 43 44 51 62 77 80,3,4,5,7,8,11,17,19,25,27,29,33,38,40,41,43,44,51,62.0,77.0
A39965,20/07/2026,14:32,01 08 08 12 17 18 23 27 32 34 45 48 50 54 56 57 58 68 73 75 78,1,8,8,12,17,18,23,27,32,34,45,48,50,54,56,57,58,68,73.0,75.0
A39964,20/07/2026,14:28,01 04 06 07 08 11 13 23 34 39 42 45 47 51 52 53 59 63 66 69 75,1,4,6,7,8,11,13,23,34,39,42,45,47,51,52,53,59,63,66.0,69.0
A39963,20/07/2026,14:24,06 08 15 16 18 19 24 32 34 38 42 44 47 48 51 52 63 66 67 75 77,6,8,15,16,18,19,24,32,34,38,42,44,47,48,51,52,63,66,67.0,75.0
A39962,20/07/2026,14:20,01 03 08 12 14 17 19 20 24 27 28 38 55 61 62 63 64 67 69 78 79,1,3,8,12,14,17,19,20,24,27,28,38,55,61,62,63,64,67,69.0,78.0
A39961,20/07/2026,14:16,06 08 10 11 13 14 19 25 28 32 39 40 43 45 54 55 61 63 71 72 75,6,8,10,11,13,14,19,25,28,32,39,40,43,45,54,55,61,63,71.0,72.0
A39960,20/07/2026,14:12,02 08 11 13 16 18 22 23 38 40 44 47 48 50 60 66 71 74 76 78 80,2,8,11,13,16,18,22,23,38,40,44,47,48,50,60,66,71,74,76.0,78.0
A39959,20/07/2026,14:08,01 02 08 11 12 16 17 23 29 31 33 40 43 48 56 60 64 65 66 67 74,1,2,8,11,12,16,17,23,29,31,33,40,43,48,56,60,64,65,66.0,67.0
A39947,20/07/2026,13:20,09 10 16 17 18 25 26 27 32 36 46 51 52 55 63 65 66 70 71 77 80,9,10,16,17,18,25,26,27,32,36,46,51,52,55,63,65,66,70,71.0,77.0
A39946,20/07/2026,13:16,06 08 09 15 17 20 21 22 27 31 35 37 40 45 48 49 50 51 76 77 79,6,8,9,15,17,20,21,22,27,31,35,37,40,45,48,49,50,51,76.0,77.0
A39945,20/07/2026,13:12,01 04 05 08 09 09 12 23 26 33 35 38 45 47 52 54 58 59 60 68 79,1,4,5,8,9,9,12,23,26,33,35,38,45,47,52,54,58,59,60.0,68.0
A39944,20/07/2026,13:08,07 09 09 13 14 17 19 20 24 28 30 33 35 38 39 47 50 51 74 76 77,7,9,9,13,14,17,19,20,24,28,30,33,35,38,39,47,50,51,74.0,76.0
A39943,20/07/2026,13:04,03 05 06 07 09 11 17 18 21 25 28 31 34 41 45 48 64 65 72 75 77,3,5,6,7,9,11,17,18,21,25,28,31,34,41,45,48,64,65,72.0,75.0
A39942,20/07/2026,13:00,02 04 06 07 09 10 17 18 22 37 45 46 47 48 50 56 58 64 65 75 77,2,4,6,7,9,10,17,18,22,37,45,46,47,48,50,56,58,64,65.0,75.0
A39941,20/07/2026,12:56,01 02 04 06 09 10 13 17 21 24 27 28 29 31 45 46 47 48 51 57 61,1,2,4,6,9,10,13,17,21,24,27,28,29,31,45,46,47,48,51.0,57.0
A39940,20/07/2026,12:52,01 03 06 07 09 14 23 27 30 34 42 43 47 48 52 67 69 71 72 76 80,1,3,6,7,9,14,23,27,30,34,42,43,47,48,52,67,69,71,72.0,76.0
A39939,20/07/2026,12:48,02 03 04 06 08 09 10 13 14 23 25 28 32 42 45 48 49 60 65 69 77,2,3,4,6,8,9,10,13,14,23,25,28,32,42,45,48,49,60,65.0,69.0
A39927,20/07/2026,12:00,04 06 10 13 16 17 19 22 38 40 43 45 46 52 53 58 66 67 71 72 75,4,6,10,13,16,17,19,22,38,40,43,45,46,52,53,58,66,67,71.0,72.0
A39926,20/07/2026,11:56,04 08 10 12 14 18 27 30 31 35 38 44 45 47 48 50 55 56 62 69 72,4,8,10,12,14,18,27,30,31,35,38,44,45,47,48,50,55,56,62.0,69.0
A39925,20/07/2026,11:52,04 07 08 10 15 16 21 26 34 36 39 46 51 54 56 60 66 67 75 78 80,4,7,8,10,15,16,21,26,34,36,39,46,51,54,56,60,66,67,75.0,78.0
A39924,20/07/2026,11:48,06 09 10 13 15 22 24 34 36 38 41 42 44 49 50 51 57 61 70 71 76,6,9,10,13,15,22,24,34,36,38,41,42,44,49,50,51,57,61,70.0,71.0
A39923,20/07/2026,11:44,04 10 11 13 18 22 30 34 35 36 43 47 51 52 56 60 63 66 68 72 76,4,10,11,13,18,22,30,34,35,36,43,47,51,52,56,60,63,66,68.0,72.0
A39922,20/07/2026,11:40,02 03 06 07 10 16 21 28 31 33 35 37 40 41 44 47 52 56 64 70 73,2,3,6,7,10,16,21,28,31,33,35,37,40,41,44,47,52,56,64.0,70.0
A39921,20/07/2026,11:36,08 10 15 17 21 27 32 40 44 45 47 49 50 57 60 64 65 67 68 72 77,8,10,15,17,21,27,32,40,44,45,47,49,50,57,60,64,65,67,68.0,72.0
A39920,20/07/2026,11:32,01 04 05 10 15 25 27 28 33 38 50 51 52 56 57 59 66 67 69 73 74,1,4,5,10,15,25,27,28,33,38,50,51,52,56,57,59,66,67,69.0,73.0
A39919,20/07/2026,11:28,03 06 10 10 14 15 17 27 42 43 45 51 52 63 66 67 71 74 77 79 80,3,6,10,10,14,15,17,27,42,43,45,51,52,63,66,67,71,74,77.0,79.0
A39882,20/07/2026,09:00,01 05 11 15 18 20 22 27 29 30 36 41 43 45 62 70 72 74 75 76,1,5,11,15,18,20,22,27,29,30,36,41,43,45,62,70,72,74,75.0,76.0
A39881,20/07/2026,08:56,02 11 19 21 27 37 39 40 45 49 51 55 56 57 63 66 67 68 70 74,2,11,19,21,27,37,39,40,45,49,51,55,56,57,63,66,67,68,70.0,74.0
A39880,20/07/2026,08:52,11 27 28 34 37 38 39 40 41 44 45 53 57 62 65 67 71 72 74 76,11,27,28,34,37,38,39,40,41,44,45,53,57,62,65,67,71,72,74.0,76.0
A39879,20/07/2026,08:48,03 04 10 12 13 19 22 25 32 36 38 39 42 51 52 72 73 76 79 80,3,4,10,12,13,19,22,25,32,36,38,39,42,51,52,72,73,76,79.0,80.0
A39878,20/07/2026,08:44,02 04 18 20 21 23 35 41 43 45 48 55 62 63 64 65 66 72 74 80,2,4,18,20,21,23,35,41,43,45,48,55,62,63,64,65,66,72,74.0,80.0
A39877,20/07/2026,08:40,01 09 13 14 16 20 21 22 25 35 41 44 48 50 62 65 68 72 74 80,1,9,13,14,16,20,21,22,25,35,41,44,48,50,62,65,68,72,74.0,80.0
A39876,20/07/2026,08:36,01 04 05 06 10 15 19 24 25 36 41 48 49 52 53 61 66 68 70 71,1,4,5,6,10,15,19,24,25,36,41,48,49,52,53,61,66,68,70.0,71.0
A39875,20/07/2026,08:32,02 06 07 08 22 24 26 28 32 41 42 48 51 56 60 71 72 75 77 78,2,6,7,8,22,24,26,28,32,41,42,48,51,56,60,71,72,75,77.0,78.0
A39874,20/07/2026,08:28,01 17 19 22 25 29 30 32 35 38 40 41 42 44 48 53 63 69 70 77,1,17,19,22,25,29,30,32,35,38,40,41,42,44,48,53,63,69,70.0,77.0
A39862,20/07/2026,07:40,06 07 12 14 18 24 34 36 37 40 41 42 45 49 50 53 63 70 76 80,6,7,12,14,18,24,34,36,37,40,41,42,45,49,50,53,63,70,76.0,80.0
A39861,20/07/2026,07:36,02 04 06 11 13 30 33 34 40 42 43 58 59 60 61 65 66 68 75 80,2,4,6,11,13,30,33,34,40,42,43,58,59,60,61,65,66,68,75.0,80.0
A39860,20/07/2026,07:32,04 11 12 17 24 25 30 32 38 42 46 50 51 60 65 67 71 77 78 80,4,11,12,17,24,25,30,32,38,42,46,50,51,60,65,67,71,77,78.0,80.0
A39859,20/07/2026,07:28,03 07 08 12 22 24 33 36 39 42 43 50 51 52 62 67 69 70 74 78,3,7,8,12,22,24,33,36,39,42,43,50,51,52,62,67,69,70,74.0,78.0
A39858,20/07/2026,07:24,06 10 14 17 19 22 24 26 29 30 34 45 47 54 60 61 62 64 74 76,6,10,14,17,19,22,24,26,29,30,34,45,47,54,60,61,62,64,74.0,76.0
A39857,20/07/2026,07:20,01 04 05 07 11 19 26 27 30 33 36 37 40 51 53 59 60 73 76 78,1,4,5,7,11,19,26,27,30,33,36,37,40,51,53,59,60,73,76.0,78.0
A39856,20/07/2026,07:16,05 14 16 27 29 34 35 39 41 42 43 44 46 49 51 55 58 62 72 78,5,14,16,27,29,34,35,39,41,42,43,44,46,49,51,55,58,62,72.0,78.0
A39855,20/07/2026,07:12,13 14 17 19 21 23 26 37 44 51 55 56 58 60 61 62 67 68 76 79,13,14,17,19,21,23,26,37,44,51,55,56,58,60,61,62,67,68,76.0,79.0
A39854,20/07/2026,07:08,15 20 24 25 26 29 36 38 41 42 46 48 52 58 60 70 73 75 76 78,15,20,24,25,26,29,36,38,41,42,46,48,52,58,60,70,73,75,76.0,78.0
A39842,20/07/2026,06:20,03 05 06 08 11 13 17 22 33 38 39 45 47 51 63 64 70 73 76 77,3,5,6,8,11,13,17,22,33,38,39,45,47,51,63,64,70,73,76.0,77.0
A39841,20/07/2026,06:16,02 04 09 12 13 14 16 20 23 35 39 40 41 53 58 61 62 63 72 75,2,4,9,12,13,14,16,20,23,35,39,40,41,53,58,61,62,63,72.0,75.0
A39840,20/07/2026,06:12,02 13 14 21 22 27 35 41 47 55 56 57 61 62 63 66 69 71 72 78,2,13,14,21,22,27,35,41,47,55,56,57,61,62,63,66,69,71,72.0,78.0
A39839,20/07/2026,06:08,05 07 08 10 12 17 22 23 29 30 35 36 38 43 50 53 56 62 70 71,5,7,8,10,12,17,22,23,29,30,35,36,38,43,50,53,56,62,70.0,71.0
A39838,20/07/2026,06:04,01 07 13 18 22 23 32 34 36 37 40 41 45 47 62 63 65 68 73 78,1,7,13,18,22,23,32,34,36,37,40,41,45,47,62,63,65,68,73.0,78.0
A39837,20/07/2026,06:00,04 05 06 07 17 32 33 36 38 50 52 53 55 57 61 62 65 69 71 77,4,5,6,7,17,32,33,36,38,50,52,53,55,57,61,62,65,69,71.0,77.0
A39836,20/07/2026,05:56,05 13 21 22 24 27 36 37 40 47 49 50 53 54 55 57 61 65 68 72,5,13,21,22,24,27,36,37,40,47,49,50,53,54,55,57,61,65,68.0,72.0
A39835,20/07/2026,05:52,04 09 10 11 19 35 36 39 45 46 47 49 52 54 60 63 64 73 78 79,4,9,10,11,19,35,36,39,45,46,47,49,52,54,60,63,64,73,78.0,79.0
A39834,20/07/2026,05:48,01 03 07 15 18 26 30 38 43 50 51 52 54 60 62 63 65 69 74 78,1,3,7,15,18,26,30,38,43,50,51,52,54,60,62,63,65,69,74.0,78.0
A39822,20/07/2026,05:00,01 09 15 17 29 31 32 39 40 43 44 46 47 48 51 58 59 63 69 74,1,9,15,17,29,31,32,39,40,43,44,46,47,48,51,58,59,63,69.0,74.0
A39821,20/07/2026,04:56,02 05 06 08 14 19 20 21 31 32 36 37 51 52 61 64 73 74 76 77,2,5,6,8,14,19,20,21,31,32,36,37,51,52,61,64,73,74,76.0,77.0
A39820,20/07/2026,04:52,04 09 12 16 19 22 23 25 29 33 43 49 51 56 60 63 72 73 75 78,4,9,12,16,19,22,23,25,29,33,43,49,51,56,60,63,72,73,75.0,78.0
A39819,20/07/2026,04:48,04 12 18 27 38 43 46 47 48 50 51 56 57 60 66 67 68 71 74 75,4,12,18,27,38,43,46,47,48,50,51,56,57,60,66,67,68,71,74.0,75.0
A39818,20/07/2026,04:44,02 03 12 15 23 33 36 40 46 49 50 51 62 64 66 70 71 76 78 79,2,3,12,15,23,33,36,40,46,49,50,51,62,64,66,70,71,76,78.0,79.0
A39817,20/07/2026,04:40,03 07 09 11 12 13 15 16 24 35 38 39 41 46 62 64 67 73 76 77,3,7,9,11,12,13,15,16,24,35,38,39,41,46,62,64,67,73,76.0,77.0
A39816,20/07/2026,04:36,02 06 13 16 26 38 42 44 47 59 61 62 63 64 66 71 72 73 76 77,2,6,13,16,26,38,42,44,47,59,61,62,63,64,66,71,72,73,76.0,77.0
A39815,20/07/2026,04:32,06 15 16 27 28 31 34 40 44 50 51 52 57 60 62 67 72 73 76 79,6,15,16,27,28,31,34,40,44,50,51,52,57,60,62,67,72,73,76.0,79.0
A39814,20/07/2026,04:28,07 10 13 21 22 25 26 34 35 37 38 40 45 53 65 69 71 77 78 79,7,10,13,21,22,25,26,34,35,37,38,40,45,53,65,69,71,77,78.0,79.0
A39802,20/07/2026,03:40,05 06 09 12 13 15 23 25 33 34 37 41 48 50 61 62 64 70 73 78,5,6,9,12,13,15,23,25,33,34,37,41,48,50,61,62,64,70,73.0,78.0
A39801,20/07/2026,03:36,01 03 08 16 18 24 25 30 34 38 47 60 61 62 64 66 67 77 78 79,1,3,8,16,18,24,25,30,34,38,47,60,61,62,64,66,67,77,78.0,79.0
A39800,20/07/2026,03:32,04 06 14 16 18 20 29 32 35 39 41 42 46 53 56 63 64 66 69 77,4,6,14,16,18,20,29,32,35,39,41,42,46,53,56,63,64,66,69.0,77.0
A39799,20/07/2026,03:28,02 06 13 17 21 26 29 34 37 46 47 49 55 64 65 66 69 70 74 79,2,6,13,17,21,26,29,34,37,46,47,49,55,64,65,66,69,70,74.0,79.0
A39798,20/07/2026,03:24,04 06 07 08 09 17 21 26 29 32 34 35 43 47 48 49 60 72 75 76,4,6,7,8,9,17,21,26,29,32,34,35,43,47,48,49,60,72,75.0,76.0
A39797,20/07/2026,03:20,05 06 09 10 11 13 14 29 30 31 39 40 42 55 56 67 71 76 77 79,5,6,9,10,11,13,14,29,30,31,39,40,42,55,56,67,71,76,77.0,79.0
A39796,20/07/2026,03:16,01 05 07 13 21 25 31 34 36 37 42 51 52 56 62 69 71 73 76 77,1,5,7,13,21,25,31,34,36,37,42,51,52,56,62,69,71,73,76.0,77.0
A39795,20/07/2026,03:12,01 06 10 11 16 23 30 32 33 36 38 41 46 54 57 70 74 76 77 80,1,6,10,11,16,23,30,32,33,36,38,41,46,54,57,70,74,76,77.0,80.0
A39794,20/07/2026,03:08,01 08 09 10 11 16 20 26 29 38 39 45 50 54 59 60 67 77 78 80,1,8,9,10,11,16,20,26,29,38,39,45,50,54,59,60,67,77,78.0,80.0
A39782,20/07/2026,02:20,09 11 12 14 16 27 39 44 46 52 56 59 60 63 69 70 71 72 75 79,9,11,12,14,16,27,39,44,46,52,56,59,60,63,69,70,71,72,75.0,79.0
A39781,20/07/2026,02:16,01 05 10 13 14 24 25 30 35 38 44 48 50 52 66 75 76 77 78 80,1,5,10,13,14,24,25,30,35,38,44,48,50,52,66,75,76,77,78.0,80.0
A39780,20/07/2026,02:12,06 09 10 15 17 18 23 28 36 37 41 50 59 60 66 69 70 71 76 78,6,9,10,15,17,18,23,28,36,37,41,50,59,60,66,69,70,71,76.0,78.0
A39779,20/07/2026,02:08,02 12 17 20 23 24 27 29 31 33 43 45 47 59 63 64 68 74 76 79,2,12,17,20,23,24,27,29,31,33,43,45,47,59,63,64,68,74,76.0,79.0
A39778,20/07/2026,02:04,05 08 10 15 17 22 29 30 31 34 38 47 50 54 55 65 71 72 75 79,5,8,10,15,17,22,29,30,31,34,38,47,50,54,55,65,71,72,75.0,79.0
A39777,20/07/2026,02:00,06 12 22 28 31 33 38 42 47 50 55 56 57 66 68 69 70 77 78 79,6,12,22,28,31,33,38,42,47,50,55,56,57,66,68,69,70,77,78.0,79.0
A39776,20/07/2026,01:56,04 05 13 17 23 26 33 38 41 43 47 48 53 55 56 61 64 65 78 79,4,5,13,17,23,26,33,38,41,43,47,48,53,55,56,61,64,65,78.0,79.0
A39775,20/07/2026,01:52,07 11 12 16 19 27 29 35 41 42 47 48 49 58 64 71 73 74 79 80,7,11,12,16,19,27,29,35,41,42,47,48,49,58,64,71,73,74,79.0,80.0
A39774,20/07/2026,01:40,04 11 18 20 24 28 30 32 47 48 49 50 54 56 58 61 65 68 76 77,4,11,18,20,24,28,30,32,47,48,49,50,54,56,58,61,65,68,76.0,77.0
A39762,20/07/2026,01:00,06 07 08 09 11 14 23 27 28 32 33 34 35 37 51 56 57 59 68 79,6,7,8,9,11,14,23,27,28,32,33,34,35,37,51,56,57,59,68.0,79.0
A39761,20/07/2026,00:56,05 16 19 21 29 30 35 38 39 47 48 50 51 56 60 69 70 72 78 79,5,16,19,21,29,30,35,38,39,47,48,50,51,56,60,69,70,72,78.0,79.0
A39760,20/07/2026,00:52,05 08 09 15 16 17 22 30 41 46 50 59 67 69 71 73 74 76 77 78,5,8,9,15,16,17,22,30,41,46,50,59,67,69,71,73,74,76,77.0,78.0
A39759,20/07/2026,00:48,01 08 11 14 19 20 34 42 45 47 54 56 57 58 61 63 66 75 76 79,1,8,11,14,19,20,34,42,45,47,54,56,57,58,61,63,66,75,76.0,79.0
A39758,20/07/2026,00:44,06 07 08 12 14 20 24 27 30 31 34 37 54 55 59 61 68 77 78 79,6,7,8,12,14,20,24,27,30,31,34,37,54,55,59,61,68,77,78.0,79.0
A39757,20/07/2026,00:40,01 09 15 19 21 25 27 31 33 36 38 42 44 56 57 58 59 61 70 76,1,9,15,19,21,25,27,31,33,36,38,42,44,56,57,58,59,61,70.0,76.0
A39756,20/07/2026,00:36,02 07 18 19 28 29 30 41 43 44 47 51 53 54 58 65 68 69 74 78,2,7,18,19,28,29,30,41,43,44,47,51,53,54,58,65,68,69,74.0,78.0
A39755,20/07/2026,00:32,01 07 13 14 16 18 23 24 35 37 38 40 41 45 47 48 56 70 73 77,1,7,13,14,16,18,23,24,35,37,38,40,41,45,47,48,56,70,73.0,77.0
A39754,20/07/2026,00:28,08 14 15 19 25 27 31 33 34 35 36 38 39 44 52 63 65 67 70 80,8,14,15,19,25,27,31,33,34,35,36,38,39,44,52,63,65,67,70.0,80.0
A39747,20/07/2026,00:00,05 06 09 11 19 20 21 39 40 41 43 45 48 49 51 57 69 70 71 77,5,6,9,11,19,20,21,39,40,41,43,45,48,49,51,57,69,70,71.0,77.0
A39746,19/07/2026,23:56,01 02 04 05 08 18 30 33 39 44 56 60 62 63 67 72 73 74 77 79,1,2,4,5,8,18,30,33,39,44,56,60,62,63,67,72,73,74,77.0,79.0
A39745,19/07/2026,23:52,02 03 05 06 11 12 15 22 24 27 30 37 39 40 44 52 62 69 74 77,2,3,5,6,11,12,15,22,24,27,30,37,39,40,44,52,62,69,74.0,77.0
A39744,19/07/2026,23:48,09 11 15 16 19 25 27 37 38 42 44 47 49 52 59 64 66 68 75 76,9,11,15,16,19,25,27,37,38,42,44,47,49,52,59,64,66,68,75.0,76.0
A39743,19/07/2026,23:44,01 04 05 08 15 18 25 31 35 40 56 58 59 67 69 70 71 72 77 79,1,4,5,8,15,18,25,31,35,40,56,58,59,67,69,70,71,72,77.0,79.0
A39742,19/07/2026,23:40,04 07 11 18 29 33 34 35 40 41 46 53 56 60 61 71 73 74 77 78,4,7,11,18,29,33,34,35,40,41,46,53,56,60,61,71,73,74,77.0,78.0
A39741,19/07/2026,23:36,01 03 07 09 21 35 36 40 42 43 50 54 56 57 59 60 73 74 77 78,1,3,7,9,21,35,36,40,42,43,50,54,56,57,59,60,73,74,77.0,78.0
A39740,19/07/2026,23:32,01 05 15 16 19 20 26 31 32 42 46 49 50 62 65 69 75 77 79 80,1,5,15,16,19,20,26,31,32,42,46,49,50,62,65,69,75,77,79.0,80.0
A39739,19/07/2026,23:28,06 08 13 14 16 18 28 30 31 35 37 44 47 50 59 61 63 66 74 79,6,8,13,14,16,18,28,30,31,35,37,44,47,50,59,61,63,66,74.0,79.0
A39727,19/07/2026,22:40,05 08 09 10 13 15 21 23 30 32 42 49 52 53 54 55 56 64 71 75,5,8,9,10,13,15,21,23,30,32,42,49,52,53,54,55,56,64,71.0,75.0
A39726,19/07/2026,22:36,02 08 12 13 17 18 19 21 28 33 36 39 41 42 46 57 62 67 77 79,2,8,12,13,17,18,19,21,28,33,36,39,41,42,46,57,62,67,77.0,79.0
A39725,19/07/2026,22:32,02 06 11 17 18 20 23 25 29 36 48 49 53 58 61 65 66 68 70 74,2,6,11,17,18,20,23,25,29,36,48,49,53,58,61,65,66,68,70.0,74.0
A39724,19/07/2026,22:28,04 05 06 07 23 24 40 45 49 51 53 56 59 60 64 65 70 71 75 78,4,5,6,7,23,24,40,45,49,51,53,56,59,60,64,65,70,71,75.0,78.0
A39723,19/07/2026,22:24,01 04 05 13 19 38 39 42 43 47 48 51 52 63 65 67 73 76 78 80,1,4,5,13,19,38,39,42,43,47,48,51,52,63,65,67,73,76,78.0,80.0
A39722,19/07/2026,22:20,01 03 06 07 10 13 15 25 26 30 32 33 36 40 55 56 68 69 71 74,1,3,6,7,10,13,15,25,26,30,32,33,36,40,55,56,68,69,71.0,74.0
A39721,19/07/2026,22:16,01 04 09 15 16 19 24 31 33 40 43 51 54 57 62 63 65 66 69 76,1,4,9,15,16,19,24,31,33,40,43,51,54,57,62,63,65,66,69.0,76.0
A39720,19/07/2026,22:12,07 11 14 18 19 21 26 32 33 39 40 44 46 49 57 62 64 69 77 78,7,11,14,18,19,21,26,32,33,39,40,44,46,49,57,62,64,69,77.0,78.0
A39719,19/07/2026,22:08,01 02 04 05 06 10 12 21 22 25 28 34 46 47 49 62 67 75 77 78,1,2,4,5,6,10,12,21,22,25,28,34,46,47,49,62,67,75,77.0,78.0
A39707,19/07/2026,21:20,01 04 06 07 08 15 24 29 32 33 45 50 51 56 57 60 71 74 76 78,1,4,6,7,8,15,24,29,32,33,45,50,51,56,57,60,71,74,76.0,78.0
A39706,19/07/2026,21:16,01 02 03 05 09 10 11 17 28 31 32 40 44 45 58 61 69 72 73 77,1,2,3,5,9,10,11,17,28,31,32,40,44,45,58,61,69,72,73.0,77.0
A39705,19/07/2026,21:12,01 02 03 06 11 14 27 31 35 38 41 45 46 48 50 53 55 56 61 73,1,2,3,6,11,14,27,31,35,38,41,45,46,48,50,53,55,56,61.0,73.0
A39704,19/07/2026,21:08,01 04 06 07 13 14 15 16 23 28 33 37 44 48 62 63 71 72 75 80,1,4,6,7,13,14,15,16,23,28,33,37,44,48,62,63,71,72,75.0,80.0
A39703,19/07/2026,21:04,03 04 05 07 20 21 29 32 35 40 42 49 52 56 64 68 72 74 75 76,3,4,5,7,20,21,29,32,35,40,42,49,52,56,64,68,72,74,75.0,76.0
A39702,19/07/2026,21:00,01 08 12 15 20 27 35 36 37 38 39 40 42 46 47 51 52 63 64 74,1,8,12,15,20,27,35,36,37,38,39,40,42,46,47,51,52,63,64.0,74.0
A39701,19/07/2026,20:56,06 07 10 15 18 19 21 22 29 30 43 44 46 54 57 73 74 77 78 80,6,7,10,15,18,19,21,22,29,30,43,44,46,54,57,73,74,77,78.0,80.0
A39700,19/07/2026,20:52,03 08 11 12 20 21 28 29 31 35 39 45 46 54 58 59 65 74 76 79,3,8,11,12,20,21,28,29,31,35,39,45,46,54,58,59,65,74,76.0,79.0
A39699,19/07/2026,20:48,01 09 20 25 29 36 38 39 43 48 51 53 55 57 62 67 72 73 77 78,1,9,20,25,29,36,38,39,43,48,51,53,55,57,62,67,72,73,77.0,78.0
A39664,19/07/2026,18:28,06 08 14 29 33 42 43 44 45 53 54 55 58 60 62 68 69 71 75 78,6,8,14,29,33,42,43,44,45,53,54,55,58,60,62,68,69,71,75.0,78.0
A39663,19/07/2026,18:24,02 06 07 30 31 32 33 35 37 51 53 56 58 59 66 67 72 74 77 80,2,6,7,30,31,32,33,35,37,51,53,56,58,59,66,67,72,74,77.0,80.0
A39662,19/07/2026,18:20,04 05 17 18 21 22 31 37 42 43 44 46 48 49 51 59 65 67 69 80,4,5,17,18,21,22,31,37,42,43,44,46,48,49,51,59,65,67,69.0,80.0
A39660,19/07/2026,18:12,03 09 10 12 15 16 18 23 24 25 26 29 30 38 39 43 56 59 68 76,3,9,10,12,15,16,18,23,24,25,26,29,30,38,39,43,56,59,68.0,76.0
A39659,19/07/2026,18:08,01 03 04 07 16 18 20 21 28 32 39 40 50 56 57 63 73 74 77 80,1,3,4,7,16,18,20,21,28,32,39,40,50,56,57,63,73,74,77.0,80.0
A39658,19/07/2026,18:04,04 10 16 17 19 29 37 40 45 46 52 53 61 67 70 74 75 76 77 80,4,10,16,17,19,29,37,40,45,46,52,53,61,67,70,74,75,76,77.0,80.0
A39656,19/07/2026,17:56,03 06 10 23 26 28 34 35 38 40 49 51 54 55 59 60 69 72 73 80,3,6,10,23,26,28,34,35,38,40,49,51,54,55,59,60,69,72,73.0,80.0
A39655,19/07/2026,17:52,09 11 14 20 22 26 41 42 51 53 54 64 67 68 71 72 73 76 79 80,9,11,14,20,22,26,41,42,51,53,54,64,67,68,71,72,73,76,79.0,80.0
A39654,19/07/2026,17:48,04 16 18 23 27 30 32 35 39 46 50 54 56 62 64 65 66 67 72 75,4,16,18,23,27,30,32,35,39,46,50,54,56,62,64,65,66,67,72.0,75.0
A39640,19/07/2026,16:52,12 15 18 19 21 24 25 28 29 31 34 37 48 50 51 53 60 64 70 79,12,15,18,19,21,24,25,28,29,31,34,37,48,50,51,53,60,64,70.0,79.0
A39639,19/07/2026,16:48,06 09 10 18 19 23 28 32 42 45 46 49 51 54 57 61 66 70 71 78,6,9,10,18,19,23,28,32,42,45,46,49,51,54,57,61,66,70,71.0,78.0
A39638,19/07/2026,16:44,02 03 04 10 11 12 17 18 22 24 36 43 47 58 60 61 69 73 79 80,2,3,4,10,11,12,17,18,22,24,36,43,47,58,60,61,69,73,79.0,80.0
A39637,19/07/2026,16:40,05 08 12 16 22 37 38 42 43 53 55 59 63 69 73 74 75 77 78 80,5,8,12,16,22,37,38,42,43,53,55,59,63,69,73,74,75,77,78.0,80.0
A39634,19/07/2026,16:28,01 02 05 06 10 11 12 16 21 23 29 43 46 56 59 67 70 75 77 78,1,2,5,6,10,11,12,16,21,23,29,43,46,56,59,67,70,75,77.0,78.0
A39632,19/07/2026,16:20,02 23 26 28 33 38 39 43 44 52 54 58 60 61 64 65 69 72 73 79,2,23,26,28,33,38,39,43,44,52,54,58,60,61,64,65,69,72,73.0,79.0
A39631,19/07/2026,16:16,02 11 14 17 22 24 29 35 36 40 48 49 50 54 58 62 64 67 72 80,2,11,14,17,22,24,29,35,36,40,48,49,50,54,58,62,64,67,72.0,80.0
A39630,19/07/2026,16:12,03 12 18 22 29 31 34 42 43 44 45 49 52 53 54 56 57 59 67 79,3,12,18,22,29,31,34,42,43,44,45,49,52,53,54,56,57,59,67.0,79.0
A39629,19/07/2026,16:08,01 03 09 18 20 22 24 26 30 42 44 50 51 55 56 57 58 59 61 64,1,3,9,18,20,22,24,26,30,42,44,50,51,55,56,57,58,59,61.0,64.0
A39616,19/07/2026,15:16,05 09 13 14 16 20 23 24 28 29 38 47 52 58 59 64 65 66 68 80,5,9,13,14,16,20,23,24,28,29,38,47,52,58,59,64,65,66,68.0,80.0
A39614,19/07/2026,15:08,04 06 11 15 17 19 21 27 32 39 47 52 55 56 63 65 70 72 73 75,4,6,11,15,17,19,21,27,32,39,47,52,55,56,63,65,70,72,73.0,75.0
A39612,19/07/2026,15:00,02 03 06 07 09 12 13 14 25 31 32 33 37 40 61 65 67 70 71 75,2,3,6,7,9,12,13,14,25,31,32,33,37,40,61,65,67,70,71.0,75.0
A39611,19/07/2026,14:56,02 03 10 14 17 18 20 21 23 26 34 41 47 49 61 62 63 71 74 78,2,3,10,14,17,18,20,21,23,26,34,41,47,49,61,62,63,71,74.0,78.0
A39610,19/07/2026,14:52,02 04 09 10 11 13 22 23 28 29 30 37 39 49 52 54 66 69 71 79,2,4,9,10,11,13,22,23,28,29,30,37,39,49,52,54,66,69,71.0,79.0
A39609,19/07/2026,14:48,04 05 08 17 18 21 26 27 30 31 33 36 41 49 56 63 66 75 76 79,4,5,8,17,18,21,26,27,30,31,33,36,41,49,56,63,66,75,76.0,79.0
A39608,19/07/2026,14:44,02 03 04 08 14 20 24 29 32 38 47 52 53 54 62 64 65 73 74 78,2,3,4,8,14,20,24,29,32,38,47,52,53,54,62,64,65,73,74.0,78.0
A39607,19/07/2026,14:40,01 08 12 17 20 25 26 28 29 32 33 47 51 53 54 58 64 66 68 78,1,8,12,17,20,25,26,28,29,32,33,47,51,53,54,58,64,66,68.0,78.0
A39606,19/07/2026,14:36,01 07 08 16 20 21 22 26 27 31 34 35 37 38 52 55 58 68 78 79,1,7,8,16,20,21,22,26,27,31,34,35,37,38,52,55,58,68,78.0,79.0
A39591,19/07/2026,13:36,01 02 05 06 07 12 17 23 26 31 36 47 50 52 54 63 68 76 78 79,1,2,5,6,7,12,17,23,26,31,36,47,50,52,54,63,68,76,78.0,79.0
A39590,19/07/2026,13:32,01 03 17 18 20 22 23 24 31 34 39 42 54 55 60 64 65 70 74 78,1,3,17,18,20,22,23,24,31,34,39,42,54,55,60,64,65,70,74.0,78.0
A39588,19/07/2026,13:24,10 13 15 16 23 28 29 31 36 41 45 51 57 58 59 62 70 72 76 79,10,13,15,16,23,28,29,31,36,41,45,51,57,58,59,62,70,72,76.0,79.0
A39586,19/07/2026,13:16,08 09 10 21 22 23 27 32 37 38 40 41 50 51 53 64 67 71 76 78,8,9,10,21,22,23,27,32,37,38,40,41,50,51,53,64,67,71,76.0,78.0
A39584,19/07/2026,13:08,01 03 05 08 10 13 14 16 19 29 32 33 34 38 49 50 54 58 72 75,1,3,5,8,10,13,14,16,19,29,32,33,34,38,49,50,54,58,72.0,75.0
A39583,19/07/2026,13:04,04 05 06 07 09 13 18 20 25 27 30 43 44 47 48 49 52 54 55 66,4,5,6,7,9,13,18,20,25,27,30,43,44,47,48,49,52,54,55.0,66.0
A39582,19/07/2026,13:00,01 02 12 19 24 26 27 30 31 32 37 41 43 44 45 49 62 67 71 75,1,2,12,19,24,26,27,30,31,32,37,41,43,44,45,49,62,67,71.0,75.0
A39581,19/07/2026,12:56,05 07 08 09 12 13 15 21 35 39 41 44 51 53 58 59 67 70 74 80,5,7,8,9,12,13,15,21,35,39,41,44,51,53,58,59,67,70,74.0,80.0
A39580,19/07/2026,12:52,01 03 14 15 23 28 31 33 34 35 38 44 50 51 60 61 66 72 75 79,1,3,14,15,23,28,31,33,34,35,38,44,50,51,60,61,66,72,75.0,79.0
A39563,19/07/2026,11:44,06 07 09 10 17 18 19 23 26 29 43 45 46 48 49 51 57 71 76 80,6,7,9,10,17,18,19,23,26,29,43,45,46,48,49,51,57,71,76.0,80.0
A39560,19/07/2026,11:32,01 02 05 06 14 18 34 38 44 45 52 53 54 61 66 67 70 72 76 79,1,2,5,6,14,18,34,38,44,45,52,53,54,61,66,67,70,72,76.0,79.0
A39559,19/07/2026,11:28,01 06 12 14 20 24 26 28 29 30 38 43 46 59 61 62 66 73 75 78,1,6,12,14,20,24,26,28,29,30,38,43,46,59,61,62,66,73,75.0,78.0
A39558,19/07/2026,11:24,02 09 10 20 23 28 31 32 37 38 45 49 52 59 60 63 68 71 74 76,2,9,10,20,23,28,31,32,37,38,45,49,52,59,60,63,68,71,74.0,76.0
A39557,19/07/2026,11:20,05 15 20 24 26 31 32 36 37 41 45 47 48 49 50 60 62 75 76 77,5,15,20,24,26,31,32,36,37,41,45,47,48,49,50,60,62,75,76.0,77.0
A39556,19/07/2026,11:16,01 06 11 24 25 27 32 34 40 41 45 46 47 50 53 61 64 72 74 75,1,6,11,24,25,27,32,34,40,41,45,46,47,50,53,61,64,72,74.0,75.0
A39555,19/07/2026,11:12,02 04 07 08 09 10 13 14 21 22 44 50 53 57 61 65 69 70 73 77,2,4,7,8,9,10,13,14,21,22,44,50,53,57,61,65,69,70,73.0,77.0
A39550,19/07/2026,10:52,05 07 08 10 11 18 20 21 23 41 48 56 57 59 61 65 66 76 77 78,5,7,8,10,11,18,20,21,23,41,48,56,57,59,61,65,66,76,77.0,78.0
A39549,19/07/2026,10:48,01 09 14 15 23 27 32 35 39 47 49 52 54 56 57 64 68 74 75 77,1,9,14,15,23,27,32,35,39,47,49,52,54,56,57,64,68,74,75.0,77.0
A39531,19/07/2026,09:36,02 03 04 05 09 12 28 30 41 43 45 47 49 53 54 58 64 68 73 77,2,3,4,5,9,12,28,30,41,43,45,47,49,53,54,58,64,68,73.0,77.0
A39530,19/07/2026,09:32,01 03 05 06 07 08 14 29 30 34 35 37 44 49 50 54 63 69 70 80,1,3,5,6,7,8,14,29,30,34,35,37,44,49,50,54,63,69,70.0,80.0
A39529,19/07/2026,09:28,04 10 11 14 23 27 29 30 33 43 44 45 50 51 68 71 77 78 79 80,4,10,11,14,23,27,29,30,33,43,44,45,50,51,68,71,77,78,79.0,80.0
A39528,19/07/2026,09:24,08 11 13 14 17 18 19 24 26 29 34 40 44 48 58 59 63 65 66 79,8,11,13,14,17,18,19,24,26,29,34,40,44,48,58,59,63,65,66.0,79.0
A39527,19/07/2026,09:20,05 09 18 21 23 24 25 44 53 54 63 64 65 66 69 70 71 72 73 75,5,9,18,21,23,24,25,44,53,54,63,64,65,66,69,70,71,72,73.0,75.0
A39526,19/07/2026,09:16,03 06 07 13 29 32 36 37 42 45 49 50 54 61 62 63 67 69 75 77,3,6,7,13,29,32,36,37,42,45,49,50,54,61,62,63,67,69,75.0,77.0
A39525,19/07/2026,09:12,02 03 07 08 10 11 12 15 35 36 37 38 42 47 53 64 69 70 74 75,2,3,7,8,10,11,12,15,35,36,37,38,42,47,53,64,69,70,74.0,75.0
A39524,19/07/2026,09:08,01 08 15 19 25 29 30 32 35 37 42 50 52 54 55 56 57 63 69 72,1,8,15,19,25,29,30,32,35,37,42,50,52,54,55,56,57,63,69.0,72.0
A39523,19/07/2026,09:04,01 02 06 08 14 16 22 23 24 33 37 46 48 52 66 67 69 73 77 78,1,2,6,8,14,16,22,23,24,33,37,46,48,52,66,67,69,73,77.0,78.0
A39522,19/07/2026,09:00,02 05 11 12 16 22 27 28 30 34 39 41 44 50 52 54 60 73 75 80,2,5,11,12,16,22,27,28,30,34,39,41,44,50,52,54,60,73,75.0,80.0
A39521,19/07/2026,08:56,02 11 14 15 21 28 32 34 35 39 46 49 50 51 52 55 60 62 63 80,2,11,14,15,21,28,32,34,35,39,46,49,50,51,52,55,60,62,63.0,80.0
A39520,19/07/2026,08:52,02 05 17 26 27 28 29 33 35 37 44 46 47 49 51 53 61 68 73 76,2,5,17,26,27,28,29,33,35,37,44,46,47,49,51,53,61,68,73.0,76.0
A39519,19/07/2026,08:48,02 04 07 12 20 26 30 41 42 43 45 47 58 64 65 66 68 71 72 79,2,4,7,12,20,26,30,41,42,43,45,47,58,64,65,66,68,71,72.0,79.0
A39508,19/07/2026,08:04,02 08 10 11 18 20 24 27 32 42 49 52 57 59 60 63 71 74 75 79,2,8,10,11,18,20,24,27,32,42,49,52,57,59,60,63,71,74,75.0,79.0
A39507,19/07/2026,08:00,01 10 13 14 15 22 24 35 38 46 48 55 56 57 62 63 65 69 73 74,1,10,13,14,15,22,24,35,38,46,48,55,56,57,62,63,65,69,73.0,74.0
A39506,19/07/2026,07:56,03 05 08 15 16 20 32 36 37 40 45 49 52 56 57 58 60 61 64 69,3,5,8,15,16,20,32,36,37,40,45,49,52,56,57,58,60,61,64.0,69.0
A39505,19/07/2026,07:52,02 05 09 13 19 20 28 34 42 45 48 52 54 56 57 65 67 68 70 80,2,5,9,13,19,20,28,34,42,45,48,52,54,56,57,65,67,68,70.0,80.0
A39504,19/07/2026,07:48,10 18 23 26 30 33 34 35 36 37 38 42 43 69 72 73 76 78 79 80,10,18,23,26,30,33,34,35,36,37,38,42,43,69,72,73,76,78,79.0,80.0
A39503,19/07/2026,07:44,03 06 07 16 23 30 31 35 36 37 43 44 54 57 59 65 73 77 78 79,3,6,7,16,23,30,31,35,36,37,43,44,54,57,59,65,73,77,78.0,79.0
A39502,19/07/2026,07:40,06 07 10 14 15 16 18 23 24 27 28 31 36 37 43 45 49 55 69 78,6,7,10,14,15,16,18,23,24,27,28,31,36,37,43,45,49,55,69.0,78.0
A39501,19/07/2026,07:36,01 02 04 20 22 24 31 33 34 39 43 44 49 56 59 64 65 71 75 78,1,2,4,20,22,24,31,33,34,39,43,44,49,56,59,64,65,71,75.0,78.0
A39500,19/07/2026,07:32,02 03 09 10 14 18 21 22 25 27 32 37 43 45 47 48 49 56 64 66,2,3,9,10,14,18,21,22,25,27,32,37,43,45,47,48,49,56,64.0,66.0
A39499,19/07/2026,07:28,06 09 17 23 24 29 31 32 38 40 47 50 51 54 56 59 62 67 72 79,6,9,17,23,24,29,31,32,38,40,47,50,51,54,56,59,62,67,72.0,79.0
A39498,19/07/2026,07:24,04 05 09 10 12 15 16 26 29 30 34 35 39 49 53 56 62 65 72 76,4,5,9,10,12,15,16,26,29,30,34,35,39,49,53,56,62,65,72.0,76.0
A39497,19/07/2026,07:20,04 06 09 17 19 23 25 27 33 34 35 45 46 54 61 65 73 75 77 79,4,6,9,17,19,23,25,27,33,34,35,45,46,54,61,65,73,75,77.0,79.0
A39496,19/07/2026,07:16,02 05 18 20 23 24 28 29 30 35 39 44 47 52 57 67 69 71 74 80,2,5,18,20,23,24,28,29,30,35,39,44,47,52,57,67,69,71,74.0,80.0
A39492,19/07/2026,07:00,07 08 10 14 15 21 22 27 33 37 39 43 46 49 57 62 63 65 68 73,7,8,10,14,15,21,22,27,33,37,39,43,46,49,57,62,63,65,68.0,73.0
A39491,19/07/2026,06:56,03 06 08 09 10 14 16 19 21 22 23 24 47 49 60 64 66 69 70 78,3,6,8,9,10,14,16,19,21,22,23,24,47,49,60,64,66,69,70.0,78.0
A39490,19/07/2026,06:52,02 04 07 08 12 17 21 23 31 39 46 48 51 53 55 57 60 67 70 75,2,4,7,8,12,17,21,23,31,39,46,48,51,53,55,57,60,67,70.0,75.0
A39489,19/07/2026,06:48,03 06 07 11 19 26 32 35 36 40 43 49 57 58 62 64 65 69 73 76,3,6,7,11,19,26,32,35,36,40,43,49,57,58,62,64,65,69,73.0,76.0
A39488,19/07/2026,06:44,05 07 09 17 24 26 30 34 43 45 46 48 54 56 59 60 65 66 79 80,5,7,9,17,24,26,30,34,43,45,46,48,54,56,59,60,65,66,79.0,80.0
A39487,19/07/2026,06:40,04 14 20 25 27 31 32 36 37 46 47 50 53 55 63 65 71 72 73 76,4,14,20,25,27,31,32,36,37,46,47,50,53,55,63,65,71,72,73.0,76.0
A39486,19/07/2026,06:36,04 08 09 12 16 20 21 22 23 25 37 44 48 58 69 75 76 77 79 80,4,8,9,12,16,20,21,22,23,25,37,44,48,58,69,75,76,77,79.0,80.0
A39485,19/07/2026,06:32,05 07 16 18 22 24 28 31 35 36 39 41 45 48 54 58 61 68 73 78,5,7,16,18,22,24,28,31,35,36,39,41,45,48,54,58,61,68,73.0,78.0
A39484,19/07/2026,06:28,04 07 10 12 14 22 28 33 41 52 54 58 59 60 62 63 66 67 71 77,4,7,10,12,14,22,28,33,41,52,54,58,59,60,62,63,66,67,71.0,77.0
A39483,19/07/2026,06:24,01 10 13 14 16 18 21 23 24 34 35 45 47 52 54 56 59 75 77 79,1,10,13,14,16,18,21,23,24,34,35,45,47,52,54,56,59,75,77.0,79.0
A39482,19/07/2026,06:20,03 08 18 21 30 33 38 41 46 47 51 53 55 58 62 63 71 76 78 79,3,8,18,21,30,33,38,41,46,47,51,53,55,58,62,63,71,76,78.0,79.0
A39481,19/07/2026,06:16,04 08 13 14 23 25 29 35 41 47 56 58 59 62 63 64 70 73 74 78,4,8,13,14,23,25,29,35,41,47,56,58,59,62,63,64,70,73,74.0,78.0
A39480,19/07/2026,06:12,05 16 18 19 36 39 42 44 45 50 55 61 63 64 67 70 71 72 77 80,5,16,18,19,36,39,42,44,45,50,55,61,63,64,67,70,71,72,77.0,80.0
A39470,19/07/2026,05:32,02 05 06 14 15 18 27 35 37 39 48 53 57 60 62 65 70 73 74 77,2,5,6,14,15,18,27,35,37,39,48,53,57,60,62,65,70,73,74.0,77.0
A39469,19/07/2026,05:28,03 04 13 14 16 23 32 33 38 40 44 47 48 49 50 53 56 69 72 75,3,4,13,14,16,23,32,33,38,40,44,47,48,49,50,53,56,69,72.0,75.0
A39468,19/07/2026,05:24,01 11 12 13 17 18 19 23 29 30 31 34 35 40 44 46 60 66 73 76,1,11,12,13,17,18,19,23,29,30,31,34,35,40,44,46,60,66,73.0,76.0
A39467,19/07/2026,05:20,10 12 16 19 20 26 30 34 42 45 48 49 56 59 68 70 73 77 78 79,10,12,16,19,20,26,30,34,42,45,48,49,56,59,68,70,73,77,78.0,79.0
A39466,19/07/2026,05:16,03 05 11 13 18 28 29 34 44 49 53 57 59 60 61 65 71 72 75 80,3,5,11,13,18,28,29,34,44,49,53,57,59,60,61,65,71,72,75.0,80.0
A39462,19/07/2026,05:00,03 04 08 11 13 15 16 24 25 28 35 36 45 46 52 53 58 70 75 77,3,4,8,11,13,15,16,24,25,28,35,36,45,46,52,53,58,70,75.0,77.0
A39461,19/07/2026,04:56,03 05 09 13 27 29 36 42 44 47 50 55 59 62 66 72 75 76 78 79,3,5,9,13,27,29,36,42,44,47,50,55,59,62,66,72,75,76,78.0,79.0
A39460,19/07/2026,04:52,05 12 19 33 34 38 41 42 45 47 53 58 61 63 64 67 68 69 72 76,5,12,19,33,34,38,41,42,45,47,53,58,61,63,64,67,68,69,72.0,76.0
A39459,19/07/2026,04:48,02 08 09 11 13 16 17 22 29 34 37 44 48 50 59 61 67 76 77 79,2,8,9,11,13,16,17,22,29,34,37,44,48,50,59,61,67,76,77.0,79.0
A39448,19/07/2026,04:04,02 03 06 18 21 23 29 30 39 43 44 47 48 49 52 56 58 66 67 76,2,3,6,18,21,23,29,30,39,43,44,47,48,49,52,56,58,66,67.0,76.0
A39447,19/07/2026,04:00,03 05 10 19 21 27 32 35 36 40 41 45 48 55 56 60 68 73 76 80,3,5,10,19,21,27,32,35,36,40,41,45,48,55,56,60,68,73,76.0,80.0
A39446,19/07/2026,03:56,17 22 25 26 32 34 37 40 42 43 46 50 51 52 59 61 65 66 74 76,17,22,25,26,32,34,37,40,42,43,46,50,51,52,59,61,65,66,74.0,76.0
A39445,19/07/2026,03:52,04 08 09 15 17 23 24 25 26 31 33 35 44 49 65 67 72 74 75 76,4,8,9,15,17,23,24,25,26,31,33,35,44,49,65,67,72,74,75.0,76.0
A39444,19/07/2026,03:48,07 11 14 16 18 20 21 23 25 29 31 34 42 56 57 64 69 76 78 79,7,11,14,16,18,20,21,23,25,29,31,34,42,56,57,64,69,76,78.0,79.0
A39443,19/07/2026,03:44,01 02 05 08 09 15 17 21 32 33 36 44 47 50 51 52 64 67 68 69,1,2,5,8,9,15,17,21,32,33,36,44,47,50,51,52,64,67,68.0,69.0
A39442,19/07/2026,03:40,01 04 08 09 15 24 26 32 33 35 37 38 39 50 51 56 59 70 72 79,1,4,8,9,15,24,26,32,33,35,37,38,39,50,51,56,59,70,72.0,79.0
A39441,19/07/2026,03:36,02 12 13 18 19 23 24 27 33 39 51 59 62 65 67 70 73 74 77 78,2,12,13,18,19,23,24,27,33,39,51,59,62,65,67,70,73,74,77.0,78.0
A39440,19/07/2026,03:32,01 06 09 19 20 21 22 26 33 35 40 42 45 49 53 55 62 68 72 76,1,6,9,19,20,21,22,26,33,35,40,42,45,49,53,55,62,68,72.0,76.0
A39438,19/07/2026,03:24,01 08 16 19 20 24 26 30 32 34 35 43 45 48 49 58 59 65 76 80,1,8,16,19,20,24,26,30,32,34,35,43,45,48,49,58,59,65,76.0,80.0
A39437,19/07/2026,03:20,10 13 20 21 24 25 31 37 39 40 42 47 50 53 56 66 71 74 75 76,10,13,20,21,24,25,31,37,39,40,42,47,50,53,56,66,71,74,75.0,76.0
A39436,19/07/2026,03:16,01 12 19 23 27 29 36 40 41 45 56 57 65 68 73 74 76 77 78 80,1,12,19,23,27,29,36,40,41,45,56,57,65,68,73,74,76,77,78.0,80.0
A39435,19/07/2026,03:12,04 10 11 22 34 36 37 41 42 46 47 52 53 57 60 63 65 70 71 79,4,10,11,22,34,36,37,41,42,46,47,52,53,57,60,63,65,70,71.0,79.0
A39434,19/07/2026,03:08,05 07 08 10 14 21 23 29 31 40 44 50 51 56 67 69 73 74 78 80,5,7,8,10,14,21,23,29,31,40,44,50,51,56,67,69,73,74,78.0,80.0
A39433,19/07/2026,03:04,02 03 05 09 16 18 19 22 28 31 33 38 39 56 59 61 64 68 71 75,2,3,5,9,16,18,19,22,28,31,33,38,39,56,59,61,64,68,71.0,75.0
A39432,19/07/2026,03:00,08 11 17 19 22 28 32 40 44 50 53 54 56 59 61 63 66 68 69 73,8,11,17,19,22,28,32,40,44,50,53,54,56,59,61,63,66,68,69.0,73.0
A39427,19/07/2026,02:40,02 06 14 20 23 28 33 34 36 37 43 44 51 58 60 63 65 67 78 79,2,6,14,20,23,28,33,34,36,37,43,44,51,58,60,63,65,67,78.0,79.0
A39412,19/07/2026,01:40,03 04 08 12 13 16 19 21 33 35 36 40 41 52 53 56 60 62 67 69,3,4,8,12,13,16,19,21,33,35,36,40,41,52,53,56,60,62,67.0,69.0
A39411,19/07/2026,01:36,03 06 12 13 14 15 16 20 21 22 23 37 38 44 46 47 59 67 69 75,3,6,12,13,14,15,16,20,21,22,23,37,38,44,46,47,59,67,69.0,75.0
A39410,19/07/2026,01:32,02 03 04 10 11 14 16 21 44 48 51 52 54 61 66 68 70 74 76 79,2,3,4,10,11,14,16,21,44,48,51,52,54,61,66,68,70,74,76.0,79.0
A39409,19/07/2026,01:28,11 15 17 23 32 34 36 38 39 43 45 48 55 57 64 66 67 69 72 78,11,15,17,23,32,34,36,38,39,43,45,48,55,57,64,66,67,69,72.0,78.0
A39406,19/07/2026,01:16,07 10 13 14 21 24 29 32 36 48 50 53 55 58 66 70 74 75 76 80,7,10,13,14,21,24,29,32,36,48,50,53,55,58,66,70,74,75,76.0,80.0
A39404,19/07/2026,01:08,01 05 09 10 24 29 31 33 38 44 50 53 60 65 66 70 72 73 77 79,1,5,9,10,24,29,31,33,38,44,50,53,60,65,66,70,72,73,77.0,79.0
A39403,19/07/2026,01:04,04 06 14 17 18 20 32 37 40 45 52 57 58 59 60 65 66 70 73 74,4,6,14,17,18,20,32,37,40,45,52,57,58,59,60,65,66,70,73.0,74.0
A39402,19/07/2026,01:00,01 05 08 18 22 30 32 34 37 46 47 48 56 57 65 66 69 72 74 79,1,5,8,18,22,30,32,34,37,46,47,48,56,57,65,66,69,72,74.0,79.0
A39401,19/07/2026,00:56,02 08 12 13 18 21 25 30 32 34 38 46 47 51 59 65 67 69 76 79,2,8,12,13,18,21,25,30,32,34,38,46,47,51,59,65,67,69,76.0,79.0
A39387,19/07/2026,00:00,03 04 06 09 16 17 21 24 31 37 43 48 54 55 57 60 61 63 70 71,3,4,6,9,16,17,21,24,31,37,43,48,54,55,57,60,61,63,70.0,71.0
A39386,18/07/2026,23:56,09 14 21 22 25 32 33 36 40 47 49 51 53 54 58 61 65 67 68 74,9,14,21,22,25,32,33,36,40,47,49,51,53,54,58,61,65,67,68.0,74.0
A39385,18/07/2026,23:52,01 07 10 12 17 23 24 26 33 34 38 47 48 50 53 61 62 64 67 77,1,7,10,12,17,23,24,26,33,34,38,47,48,50,53,61,62,64,67.0,77.0
A39384,18/07/2026,23:48,07 09 10 13 17 35 41 43 44 46 48 51 52 54 66 70 75 76 78 79,7,9,10,13,17,35,41,43,44,46,48,51,52,54,66,70,75,76,78.0,79.0
A39383,18/07/2026,23:44,01 07 08 10 16 23 24 28 33 34 38 44 45 46 52 59 62 68 73 79,1,7,8,10,16,23,24,28,33,34,38,44,45,46,52,59,62,68,73.0,79.0
A39382,18/07/2026,23:40,03 12 13 17 21 26 30 33 34 46 49 50 52 53 55 57 60 65 67 74,3,12,13,17,21,26,30,33,34,46,49,50,52,53,55,57,60,65,67.0,74.0
A39381,18/07/2026,23:36,08 18 24 26 27 28 32 33 43 51 59 61 63 67 68 71 72 74 78 80,8,18,24,26,27,28,32,33,43,51,59,61,63,67,68,71,72,74,78.0,80.0
A39380,18/07/2026,23:32,05 06 16 23 24 26 27 28 31 32 35 36 40 43 45 55 58 62 70 76,5,6,16,23,24,26,27,28,31,32,35,36,40,43,45,55,58,62,70.0,76.0
A39379,18/07/2026,23:28,05 06 07 12 13 16 19 23 28 30 42 46 47 50 62 63 65 66 69 78,5,6,7,12,13,16,19,23,28,30,42,46,47,50,62,63,65,66,69.0,78.0
A39367,18/07/2026,22:40,02 03 06 12 13 18 20 29 46 47 49 57 59 60 63 64 69 74 78 79,2,3,6,12,13,18,20,29,46,47,49,57,59,60,63,64,69,74,78.0,79.0
A39366,18/07/2026,22:36,01 02 05 07 10 11 12 17 19 20 23 30 37 51 62 64 70 72 73 75,1,2,5,7,10,11,12,17,19,20,23,30,37,51,62,64,70,72,73.0,75.0
A39365,18/07/2026,22:32,02 03 13 17 19 22 25 36 38 39 42 45 46 47 48 50 51 64 74 77,2,3,13,17,19,22,25,36,38,39,42,45,46,47,48,50,51,64,74.0,77.0
A39364,18/07/2026,22:28,07 09 11 17 23 25 39 41 42 43 44 46 47 51 52 56 59 60 61 65,7,9,11,17,23,25,39,41,42,43,44,46,47,51,52,56,59,60,61.0,65.0
A39363,18/07/2026,22:24,04 05 07 10 13 18 22 23 29 31 40 42 54 55 59 61 62 68 72 79,4,5,7,10,13,18,22,23,29,31,40,42,54,55,59,61,62,68,72.0,79.0
A39362,18/07/2026,22:20,02 06 08 09 12 21 22 27 29 36 40 49 51 57 58 61 64 75 78 79,2,6,8,9,12,21,22,27,29,36,40,49,51,57,58,61,64,75,78.0,79.0
A39361,18/07/2026,22:16,03 05 08 10 21 23 28 38 42 51 61 64 65 69 71 73 76 77 78 79,3,5,8,10,21,23,28,38,42,51,61,64,65,69,71,73,76,77,78.0,79.0
A39360,18/07/2026,22:12,02 05 08 10 13 14 24 28 31 32 38 39 41 42 47 53 61 77 79 80,2,5,8,10,13,14,24,28,31,32,38,39,41,42,47,53,61,77,79.0,80.0
A39359,18/07/2026,22:08,03 04 12 22 25 27 31 36 39 41 48 49 54 55 57 59 62 69 73 75,3,4,12,22,25,27,31,36,39,41,48,49,54,55,57,59,62,69,73.0,75.0
A39347,18/07/2026,21:20,02 06 12 13 17 19 31 37 39 41 50 57 60 61 67 68 70 72 73 78,2,6,12,13,17,19,31,37,39,41,50,57,60,61,67,68,70,72,73.0,78.0
A39346,18/07/2026,21:16,03 05 10 15 24 26 28 30 31 38 42 47 53 59 63 67 70 72 74 78,3,5,10,15,24,26,28,30,31,38,42,47,53,59,63,67,70,72,74.0,78.0
A39345,18/07/2026,21:12,08 11 13 18 19 21 33 36 39 40 43 47 50 57 59 72 73 74 78 80,8,11,13,18,19,21,33,36,39,40,43,47,50,57,59,72,73,74,78.0,80.0
A39344,18/07/2026,21:08,04 06 15 21 22 27 40 44 47 51 54 56 57 58 61 68 69 70 71 77,4,6,15,21,22,27,40,44,47,51,54,56,57,58,61,68,69,70,71.0,77.0
A39343,18/07/2026,21:04,03 04 05 06 15 16 17 20 28 30 38 39 40 42 44 50 62 63 71 77,3,4,5,6,15,16,17,20,28,30,38,39,40,42,44,50,62,63,71.0,77.0
A39342,18/07/2026,21:00,05 09 15 16 19 21 24 25 26 31 32 34 44 48 50 59 63 64 72 77,5,9,15,16,19,21,24,25,26,31,32,34,44,48,50,59,63,64,72.0,77.0
A39341,18/07/2026,20:56,07 10 11 13 16 18 20 22 24 29 30 39 47 51 55 63 64 71 75 76,7,10,11,13,16,18,20,22,24,29,30,39,47,51,55,63,64,71,75.0,76.0
A39340,18/07/2026,20:52,03 04 06 07 10 12 16 30 33 34 36 39 48 55 61 62 64 68 69 73,3,4,6,7,10,12,16,30,33,34,36,39,48,55,61,62,64,68,69.0,73.0
A39339,18/07/2026,20:48,03 10 19 22 25 27 29 40 48 52 54 55 56 58 59 61 66 71 78 80,3,10,19,22,25,27,29,40,48,52,54,55,56,58,59,61,66,71,78.0,80.0
A39327,18/07/2026,20:00,04 08 09 10 18 30 31 34 37 39 41 42 45 63 65 67 68 69 75 76,4,8,9,10,18,30,31,34,37,39,41,42,45,63,65,67,68,69,75.0,76.0
A39326,18/07/2026,19:56,01 04 07 14 22 24 27 28 35 40 46 49 51 55 56 63 73 74 75 79,1,4,7,14,22,24,27,28,35,40,46,49,51,55,56,63,73,74,75.0,79.0
A39325,18/07/2026,19:52,06 18 25 27 30 36 40 44 45 50 55 59 60 63 68 72 73 75 78 79,6,18,25,27,30,36,40,44,45,50,55,59,60,63,68,72,73,75,78.0,79.0
A39324,18/07/2026,19:48,06 17 20 24 29 31 32 34 35 37 47 48 58 62 73 74 76 78 79 80,6,17,20,24,29,31,32,34,35,37,47,48,58,62,73,74,76,78,79.0,80.0
A39323,18/07/2026,19:44,01 07 08 09 12 16 20 27 34 38 39 41 50 52 55 63 69 71 75 77,1,7,8,9,12,16,20,27,34,38,39,41,50,52,55,63,69,71,75.0,77.0
A39322,18/07/2026,19:40,01 04 08 11 20 21 26 34 37 43 44 46 57 67 69 70 71 76 79 80,1,4,8,11,20,21,26,34,37,43,44,46,57,67,69,70,71,76,79.0,80.0
A39321,18/07/2026,19:36,04 08 09 11 15 16 18 19 20 23 32 52 56 60 62 71 72 73 74 77,4,8,9,11,15,16,18,19,20,23,32,52,56,60,62,71,72,73,74.0,77.0
A39320,18/07/2026,19:32,04 06 10 12 24 27 32 33 41 45 49 52 53 56 60 61 68 69 73 78,4,6,10,12,24,27,32,33,41,45,49,52,53,56,60,61,68,69,73.0,78.0
A39319,18/07/2026,19:28,05 08 11 23 24 29 32 33 34 44 47 50 55 64 66 67 69 71 74 80,5,8,11,23,24,29,32,33,34,44,47,50,55,64,66,67,69,71,74.0,80.0
A39307,18/07/2026,18:40,06 11 12 20 25 27 28 30 36 38 46 62 63 67 69 70 72 73 74 76,6,11,12,20,25,27,28,30,36,38,46,62,63,67,69,70,72,73,74.0,76.0
A39306,18/07/2026,18:36,01 05 09 11 21 31 32 33 37 39 45 46 48 53 57 62 64 65 70 78,1,5,9,11,21,31,32,33,37,39,45,46,48,53,57,62,64,65,70.0,78.0
A39305,18/07/2026,18:32,05 19 22 24 27 28 35 37 41 48 49 53 54 55 58 60 74 77 79 80,5,19,22,24,27,28,35,37,41,48,49,53,54,55,58,60,74,77,79.0,80.0
A39304,18/07/2026,18:28,05 07 11 19 28 39 42 43 45 47 50 55 56 59 62 63 64 69 78 80,5,7,11,19,28,39,42,43,45,47,50,55,56,59,62,63,64,69,78.0,80.0
A39303,18/07/2026,18:24,01 06 07 12 14 17 32 37 39 41 44 56 60 62 63 69 70 71 74 77,1,6,7,12,14,17,32,37,39,41,44,56,60,62,63,69,70,71,74.0,77.0
A39302,18/07/2026,18:20,03 08 15 16 18 24 29 32 42 49 50 51 52 56 58 65 69 74 75 77,3,8,15,16,18,24,29,32,42,49,50,51,52,56,58,65,69,74,75.0,77.0
A39301,18/07/2026,18:16,10 14 20 23 24 26 28 36 38 47 48 52 56 57 60 68 72 73 74 76,10,14,20,23,24,26,28,36,38,47,48,52,56,57,60,68,72,73,74.0,76.0
A39300,18/07/2026,18:12,08 11 12 14 24 26 27 38 49 50 52 54 56 59 60 64 68 72 75 80,8,11,12,14,24,26,27,38,49,50,52,54,56,59,60,64,68,72,75.0,80.0
A39299,18/07/2026,18:08,05 06 24 27 33 38 42 46 48 50 56 59 61 68 72 73 76 78 79 80,5,6,24,27,33,38,42,46,48,50,56,59,61,68,72,73,76,78,79.0,80.0
A39287,18/07/2026,17:20,07 12 16 19 24 27 40 41 45 50 51 57 65 66 68 70 71 76 78 80,7,12,16,19,24,27,40,41,45,50,51,57,65,66,68,70,71,76,78.0,80.0
A39286,18/07/2026,17:16,01 13 14 19 30 32 33 38 46 47 57 58 60 63 64 67 73 74 76 80,1,13,14,19,30,32,33,38,46,47,57,58,60,63,64,67,73,74,76.0,80.0
A39285,18/07/2026,17:12,12 15 17 21 24 25 27 37 40 42 47 48 51 53 57 62 66 69 71 73,12,15,17,21,24,25,27,37,40,42,47,48,51,53,57,62,66,69,71.0,73.0
A39284,18/07/2026,17:08,01 06 08 15 24 25 28 32 33 34 39 45 47 59 60 63 64 72 74 79,1,6,8,15,24,25,28,32,33,34,39,45,47,59,60,63,64,72,74.0,79.0
A39283,18/07/2026,17:04,03 08 09 10 22 28 30 35 36 39 43 45 48 50 54 66 69 72 75 80,3,8,9,10,22,28,30,35,36,39,43,45,48,50,54,66,69,72,75.0,80.0
A39282,18/07/2026,17:00,01 02 07 13 17 25 27 30 32 37 38 40 41 46 47 55 58 60 68 75,1,2,7,13,17,25,27,30,32,37,38,40,41,46,47,55,58,60,68.0,75.0
A39281,18/07/2026,16:56,03 05 07 10 15 17 22 28 32 35 37 38 41 51 55 58 62 63 64 65,3,5,7,10,15,17,22,28,32,35,37,38,41,51,55,58,62,63,64.0,65.0
A39280,18/07/2026,16:52,01 02 03 04 13 16 27 28 30 38 39 41 42 44 51 55 58 60 71 72,1,2,3,4,13,16,27,28,30,38,39,41,42,44,51,55,58,60,71.0,72.0
A39279,18/07/2026,16:48,08 10 14 17 23 31 38 39 42 43 48 49 51 53 54 57 59 60 70 76,8,10,14,17,23,31,38,39,42,43,48,49,51,53,54,57,59,60,70.0,76.0
A39267,18/07/2026,16:00,01 08 09 10 15 18 21 28 30 33 37 41 46 49 52 54 61 64 66 70,1,8,9,10,15,18,21,28,30,33,37,41,46,49,52,54,61,64,66.0,70.0
A39266,18/07/2026,15:56,06 09 10 11 12 15 25 28 40 41 47 51 53 54 57 58 60 69 70 73,6,9,10,11,12,15,25,28,40,41,47,51,53,54,57,58,60,69,70.0,73.0
A39265,18/07/2026,15:52,04 06 12 15 21 24 25 26 29 42 44 46 49 54 56 59 62 66 68 80,4,6,12,15,21,24,25,26,29,42,44,46,49,54,56,59,62,66,68.0,80.0
A39264,18/07/2026,15:48,07 09 10 18 22 23 24 25 28 34 44 45 46 48 51 55 62 70 73 76,7,9,10,18,22,23,24,25,28,34,44,45,46,48,51,55,62,70,73.0,76.0
A39263,18/07/2026,15:44,03 05 09 13 15 18 20 23 24 27 38 39 41 47 62 66 72 76 79 80,3,5,9,13,15,18,20,23,24,27,38,39,41,47,62,66,72,76,79.0,80.0
A39262,18/07/2026,15:40,01 04 08 13 14 27 31 39 43 47 48 50 51 53 54 56 60 63 66 69,1,4,8,13,14,27,31,39,43,47,48,50,51,53,54,56,60,63,66.0,69.0
A39261,18/07/2026,15:36,03 05 12 13 15 16 21 23 24 25 28 32 33 34 42 55 59 68 73 75,3,5,12,13,15,16,21,23,24,25,28,32,33,34,42,55,59,68,73.0,75.0
A39260,18/07/2026,15:32,02 11 22 27 29 32 39 40 51 52 54 55 56 58 59 64 67 68 72 79,2,11,22,27,29,32,39,40,51,52,54,55,56,58,59,64,67,68,72.0,79.0
A39259,18/07/2026,15:28,02 05 12 17 18 23 30 34 39 47 51 56 59 61 62 65 73 74 76 80,2,5,12,17,18,23,30,34,39,47,51,56,59,61,62,65,73,74,76.0,80.0
A39247,18/07/2026,14:40,01 03 04 13 15 16 17 24 25 34 39 42 44 51 53 59 64 65 66 77,1,3,4,13,15,16,17,24,25,34,39,42,44,51,53,59,64,65,66.0,77.0
A39246,18/07/2026,14:36,02 04 08 13 17 24 25 35 39 41 44 47 50 54 57 58 59 69 71 73,2,4,8,13,17,24,25,35,39,41,44,47,50,54,57,58,59,69,71.0,73.0
A39245,18/07/2026,14:32,04 06 09 17 18 32 36 38 39 40 41 45 46 50 54 58 70 74 75 79,4,6,9,17,18,32,36,38,39,40,41,45,46,50,54,58,70,74,75.0,79.0
A39244,18/07/2026,14:28,03 06 08 10 12 15 18 29 32 35 38 39 42 48 49 50 56 61 66 79,3,6,8,10,12,15,18,29,32,35,38,39,42,48,49,50,56,61,66.0,79.0
A39243,18/07/2026,14:24,05 08 14 16 17 18 28 29 33 34 41 47 49 60 64 66 69 70 72 75,5,8,14,16,17,18,28,29,33,34,41,47,49,60,64,66,69,70,72.0,75.0
A39242,18/07/2026,14:20,01 02 06 11 13 17 19 26 30 38 51 58 59 70 72 73 75 77 79 80,1,2,6,11,13,17,19,26,30,38,51,58,59,70,72,73,75,77,79.0,80.0
A39241,18/07/2026,14:16,01 04 20 21 22 25 27 32 33 37 40 41 42 47 51 52 67 72 73 74,1,4,20,21,22,25,27,32,33,37,40,41,42,47,51,52,67,72,73.0,74.0
A39240,18/07/2026,14:12,01 04 05 07 08 11 15 23 24 25 31 36 37 50 51 69 70 73 77 79,1,4,5,7,8,11,15,23,24,25,31,36,37,50,51,69,70,73,77.0,79.0
A39239,18/07/2026,14:08,10 11 15 28 32 33 35 39 42 43 45 51 53 56 59 62 65 68 74 77,10,11,15,28,32,33,35,39,42,43,45,51,53,56,59,62,65,68,74.0,77.0
A39227,18/07/2026,13:20,01 04 07 10 11 15 24 27 29 32 35 37 40 53 56 61 68 74 76 77,1,4,7,10,11,15,24,27,29,32,35,37,40,53,56,61,68,74,76.0,77.0
A39226,18/07/2026,13:16,02 04 06 08 10 12 15 19 23 29 31 33 34 44 45 49 58 61 66 74,2,4,6,8,10,12,15,19,23,29,31,33,34,44,45,49,58,61,66.0,74.0
A39225,18/07/2026,13:12,06 09 10 11 13 18 23 25 29 31 32 35 38 44 47 59 60 63 66 72,6,9,10,11,13,18,23,25,29,31,32,35,38,44,47,59,60,63,66.0,72.0
A39224,18/07/2026,13:08,03 07 12 13 14 22 32 35 40 41 43 54 60 61 62 67 68 71 73 78,3,7,12,13,14,22,32,35,40,41,43,54,60,61,62,67,68,71,73.0,78.0
A39223,18/07/2026,13:04,02 07 11 12 13 21 25 27 39 41 45 48 51 54 55 57 58 65 67 70,2,7,11,12,13,21,25,27,39,41,45,48,51,54,55,57,58,65,67.0,70.0
A39222,18/07/2026,13:00,01 05 09 19 21 32 33 35 44 46 52 55 57 60 62 66 67 70 78 80,1,5,9,19,21,32,33,35,44,46,52,55,57,60,62,66,67,70,78.0,80.0
A39221,18/07/2026,12:56,03 04 08 09 12 14 21 26 28 31 42 44 47 55 60 64 65 67 72 74,3,4,8,9,12,14,21,26,28,31,42,44,47,55,60,64,65,67,72.0,74.0
A39220,18/07/2026,12:52,08 09 11 13 16 20 22 23 24 30 34 36 38 47 56 57 59 65 77 78,8,9,11,13,16,20,22,23,24,30,34,36,38,47,56,57,59,65,77.0,78.0
A39219,18/07/2026,12:48,10 13 14 16 33 34 36 40 46 47 50 54 60 61 68 70 71 76 79 80,10,13,14,16,33,34,36,40,46,47,50,54,60,61,68,70,71,76,79.0,80.0
A38437,16/07/2026,08:40,01 06 11 14 17 29 31 37 39 40 43 46 48 52 54 57 69 70 74 80,1,6,11,14,17,29,31,37,39,40,43,46,48,52,54,57,69,70,74.0,80.0
A38436,16/07/2026,08:36,01 09 11 14 17 19 22 24 31 33 48 51 53 55 57 63 64 65 66 67,1,9,11,14,17,19,22,24,31,33,48,51,53,55,57,63,64,65,66.0,67.0
A38435,16/07/2026,08:32,06 07 08 09 10 16 24 31 35 37 47 55 57 58 63 65 68 76 77 80,6,7,8,9,10,16,24,31,35,37,47,55,57,58,63,65,68,76,77.0,80.0
A38434,16/07/2026,08:28,04 05 08 11 18 19 25 28 29 33 35 45 53 58 60 66 67 73 75 80,4,5,8,11,18,19,25,28,29,33,35,45,53,58,60,66,67,73,75.0,80.0
A38433,16/07/2026,08:24,05 08 09 11 19 23 24 26 29 31 32 38 41 43 47 49 52 55 72 74,5,8,9,11,19,23,24,26,29,31,32,38,41,43,47,49,52,55,72.0,74.0
A38432,16/07/2026,08:20,01 05 07 18 21 22 23 25 28 35 40 44 50 51 52 54 57 73 74 79,1,5,7,18,21,22,23,25,28,35,40,44,50,51,52,54,57,73,74.0,79.0
A38431,16/07/2026,08:16,01 03 05 17 19 28 36 37 40 42 44 45 51 56 59 71 76 77 78 80,1,3,5,17,19,28,36,37,40,42,44,45,51,56,59,71,76,77,78.0,80.0
A38430,16/07/2026,08:12,02 03 10 12 14 19 21 28 29 31 32 36 40 48 50 61 68 69 71 72,2,3,10,12,14,19,21,28,29,31,32,36,40,48,50,61,68,69,71.0,72.0
A38429,16/07/2026,08:08,04 08 11 23 28 30 32 33 36 38 39 46 49 53 55 56 60 63 71 74,4,8,11,23,28,30,32,33,36,38,39,46,49,53,55,56,60,63,71.0,74.0
A38417,16/07/2026,07:20,02 07 10 14 16 17 21 22 32 38 41 42 43 44 47 57 68 70 73 77,2,7,10,14,16,17,21,22,32,38,41,42,43,44,47,57,68,70,73.0,77.0
A38416,16/07/2026,07:16,03 05 11 13 17 18 27 29 33 34 39 44 45 47 51 59 65 74 75 76,3,5,11,13,17,18,27,29,33,34,39,44,45,47,51,59,65,74,75.0,76.0
A38415,16/07/2026,07:12,10 12 15 25 28 29 34 36 37 48 49 51 52 56 57 59 66 70 76 80,10,12,15,25,28,29,34,36,37,48,49,51,52,56,57,59,66,70,76.0,80.0
A38414,16/07/2026,07:08,08 09 12 18 23 24 26 41 42 46 49 51 52 56 58 60 66 73 75 76,8,9,12,18,23,24,26,41,42,46,49,51,52,56,58,60,66,73,75.0,76.0
A38413,16/07/2026,07:04,02 03 05 09 13 14 15 16 18 19 23 27 28 30 61 62 65 66 71 72,2,3,5,9,13,14,15,16,18,19,23,27,28,30,61,62,65,66,71.0,72.0
A38412,16/07/2026,07:00,03 04 06 10 11 15 16 21 22 26 51 52 54 58 63 65 67 73 74 75,3,4,6,10,11,15,16,21,22,26,51,52,54,58,63,65,67,73,74.0,75.0
A38411,16/07/2026,06:56,06 07 08 13 26 27 28 29 31 36 42 47 52 54 57 58 61 74 76 79,6,7,8,13,26,27,28,29,31,36,42,47,52,54,57,58,61,74,76.0,79.0
A38410,16/07/2026,06:52,04 05 07 14 15 19 21 22 23 26 30 32 34 39 40 46 63 64 77 79,4,5,7,14,15,19,21,22,23,26,30,32,34,39,40,46,63,64,77.0,79.0
A38409,16/07/2026,06:48,09 11 13 15 18 21 23 24 30 32 34 35 39 42 47 52 59 62 73 76,9,11,13,15,18,21,23,24,30,32,34,35,39,42,47,52,59,62,73.0,76.0
A38397,16/07/2026,06:00,03 08 09 10 12 13 14 17 18 21 26 29 40 42 53 59 60 70 77 79,3,8,9,10,12,13,14,17,18,21,26,29,40,42,53,59,60,70,77.0,79.0
A38396,16/07/2026,05:56,02 16 19 22 23 25 27 31 34 36 42 50 52 58 62 65 70 74 75 78,2,16,19,22,23,25,27,31,34,36,42,50,52,58,62,65,70,74,75.0,78.0
A38395,16/07/2026,05:52,04 05 08 09 13 15 17 24 28 39 41 44 50 55 57 61 66 67 71 75,4,5,8,9,13,15,17,24,28,39,41,44,50,55,57,61,66,67,71.0,75.0
A38394,16/07/2026,05:48,03 05 10 14 18 19 21 25 30 31 34 46 48 49 63 66 69 71 76 78,3,5,10,14,18,19,21,25,30,31,34,46,48,49,63,66,69,71,76.0,78.0
A38393,16/07/2026,05:44,02 03 04 07 11 23 26 27 31 35 36 38 41 44 48 53 57 64 69 78,2,3,4,7,11,23,26,27,31,35,36,38,41,44,48,53,57,64,69.0,78.0
A38392,16/07/2026,05:40,01 04 17 19 21 22 28 29 37 41 46 47 50 52 59 62 71 72 76 79,1,4,17,19,21,22,28,29,37,41,46,47,50,52,59,62,71,72,76.0,79.0
A38391,16/07/2026,05:36,01 02 03 14 15 16 17 22 28 32 35 37 39 40 43 46 49 50 59 61,1,2,3,14,15,16,17,22,28,32,35,37,39,40,43,46,49,50,59.0,61.0
A38390,16/07/2026,05:32,05 08 11 13 16 17 19 23 24 29 30 41 48 52 54 55 64 72 73 75,5,8,11,13,16,17,19,23,24,29,30,41,48,52,54,55,64,72,73.0,75.0
A38389,16/07/2026,05:28,05 07 09 30 34 35 37 38 44 47 49 56 57 62 64 67 72 75 77 80,5,7,9,30,34,35,37,38,44,47,49,56,57,62,64,67,72,75,77.0,80.0
A38377,16/07/2026,04:40,04 07 10 32 33 37 42 46 47 50 51 55 56 59 65 69 72 75 77 78,4,7,10,32,33,37,42,46,47,50,51,55,56,59,65,69,72,75,77.0,78.0
A38376,16/07/2026,04:36,04 07 11 14 19 21 23 27 36 37 41 45 49 54 63 64 65 69 77 79,4,7,11,14,19,21,23,27,36,37,41,45,49,54,63,64,65,69,77.0,79.0
A38375,16/07/2026,04:32,01 08 12 24 25 29 30 31 32 40 43 46 52 58 62 67 70 73 74 76,1,8,12,24,25,29,30,31,32,40,43,46,52,58,62,67,70,73,74.0,76.0
A38374,16/07/2026,04:28,01 04 07 08 14 23 26 39 45 51 54 57 58 61 63 64 67 70 79 80,1,4,7,8,14,23,26,39,45,51,54,57,58,61,63,64,67,70,79.0,80.0
A38373,16/07/2026,04:24,01 02 11 20 23 25 29 31 35 37 41 46 48 50 53 56 60 70 71 74,1,2,11,20,23,25,29,31,35,37,41,46,48,50,53,56,60,70,71.0,74.0
A38372,16/07/2026,04:20,04 10 15 29 31 32 33 38 41 42 44 47 48 49 50 51 65 72 75 77,4,10,15,29,31,32,33,38,41,42,44,47,48,49,50,51,65,72,75.0,77.0
A38371,16/07/2026,04:16,03 05 07 22 23 27 30 34 35 39 43 47 56 57 62 64 66 70 73 74,3,5,7,22,23,27,30,34,35,39,43,47,56,57,62,64,66,70,73.0,74.0
A38370,16/07/2026,04:12,10 12 13 17 20 21 24 25 31 40 42 43 44 46 53 54 55 60 62 78,10,12,13,17,20,21,24,25,31,40,42,43,44,46,53,54,55,60,62.0,78.0
A38369,16/07/2026,04:08,02 05 12 14 17 20 22 26 27 29 46 51 52 53 55 59 63 64 75 76,2,5,12,14,17,20,22,26,27,29,46,51,52,53,55,59,63,64,75.0,76.0
A38357,16/07/2026,03:20,08 09 10 16 19 21 22 26 28 32 34 39 49 50 51 54 56 65 68 74,8,9,10,16,19,21,22,26,28,32,34,39,49,50,51,54,56,65,68.0,74.0
A38356,16/07/2026,03:16,03 07 18 25 28 29 32 37 41 42 43 44 45 46 51 58 59 69 71 79,3,7,18,25,28,29,32,37,41,42,43,44,45,46,51,58,59,69,71.0,79.0
A38355,16/07/2026,03:12,05 07 16 22 23 26 31 34 36 37 39 40 44 48 56 59 63 66 70 71,5,7,16,22,23,26,31,34,36,37,39,40,44,48,56,59,63,66,70.0,71.0
A38354,16/07/2026,03:08,09 10 20 21 22 30 32 36 37 44 46 51 52 53 55 58 60 74 75 79,9,10,20,21,22,30,32,36,37,44,46,51,52,53,55,58,60,74,75.0,79.0
A38353,16/07/2026,03:04,01 11 19 22 29 33 39 47 49 50 53 56 64 68 69 70 71 73 77 78,1,11,19,22,29,33,39,47,49,50,53,56,64,68,69,70,71,73,77.0,78.0
A38352,16/07/2026,03:00,02 05 13 14 21 24 28 29 32 37 38 44 48 51 52 54 67 68 77 80,2,5,13,14,21,24,28,29,32,37,38,44,48,51,52,54,67,68,77.0,80.0
A38351,16/07/2026,02:56,07 18 26 34 39 41 42 45 48 51 53 59 60 62 66 67 74 75 77 78,7,18,26,34,39,41,42,45,48,51,53,59,60,62,66,67,74,75,77.0,78.0
A38350,16/07/2026,02:52,01 13 15 17 19 23 24 27 29 35 36 42 43 54 55 59 65 67 78 80,1,13,15,17,19,23,24,27,29,35,36,42,43,54,55,59,65,67,78.0,80.0
A38349,16/07/2026,02:48,05 11 12 18 20 22 33 35 39 40 47 53 58 62 64 70 71 73 77 79,5,11,12,18,20,22,33,35,39,40,47,53,58,62,64,70,71,73,77.0,79.0
A38337,16/07/2026,02:00,07 11 12 14 18 24 29 30 38 39 41 44 48 49 64 67 68 72 74 80,7,11,12,14,18,24,29,30,38,39,41,44,48,49,64,67,68,72,74.0,80.0
A38336,16/07/2026,01:56,01 03 04 10 14 15 23 40 45 48 52 53 55 56 59 69 71 74 78 80,1,3,4,10,14,15,23,40,45,48,52,53,55,56,59,69,71,74,78.0,80.0
A38335,16/07/2026,01:52,01 08 12 13 14 16 17 18 25 44 51 53 54 57 70 71 76 77 78 79,1,8,12,13,14,16,17,18,25,44,51,53,54,57,70,71,76,77,78.0,79.0
A38334,16/07/2026,01:48,03 05 13 14 19 24 29 33 41 42 47 48 49 50 52 63 67 69 74 80,3,5,13,14,19,24,29,33,41,42,47,48,49,50,52,63,67,69,74.0,80.0
A38333,16/07/2026,01:44,01 02 03 06 08 13 30 36 37 39 41 43 44 48 49 50 56 57 59 80,1,2,3,6,8,13,30,36,37,39,41,43,44,48,49,50,56,57,59.0,80.0
A38332,16/07/2026,01:40,04 07 09 10 12 15 24 33 36 37 41 44 45 48 50 52 54 61 63 74,4,7,9,10,12,15,24,33,36,37,41,44,45,48,50,52,54,61,63.0,74.0
A38331,16/07/2026,01:36,03 06 10 11 14 19 20 33 36 45 47 48 52 55 56 66 69 72 79 80,3,6,10,11,14,19,20,33,36,45,47,48,52,55,56,66,69,72,79.0,80.0
A38330,16/07/2026,01:32,04 07 08 22 23 25 29 31 37 39 43 45 55 56 57 64 66 69 70 73,4,7,8,22,23,25,29,31,37,39,43,45,55,56,57,64,66,69,70.0,73.0
A38329,16/07/2026,01:28,03 06 08 10 14 17 24 28 29 31 33 35 51 52 58 63 64 67 74 78,3,6,8,10,14,17,24,28,29,31,33,35,51,52,58,63,64,67,74.0,78.0
A38317,16/07/2026,00:40,02 04 13 16 18 20 31 32 36 37 41 48 51 52 59 71 74 76 77 79,2,4,13,16,18,20,31,32,36,37,41,48,51,52,59,71,74,76,77.0,79.0
A38316,16/07/2026,00:36,01 02 03 04 08 19 21 22 25 26 29 41 50 51 58 64 67 74 77 80,1,2,3,4,8,19,21,22,25,26,29,41,50,51,58,64,67,74,77.0,80.0
A38315,16/07/2026,00:32,02 06 10 19 20 21 22 32 34 35 38 40 45 48 53 56 57 58 63 70,2,6,10,19,20,21,22,32,34,35,38,40,45,48,53,56,57,58,63.0,70.0
A38314,16/07/2026,00:28,04 05 06 07 11 13 16 17 29 31 33 36 40 53 56 58 63 75 79 80,4,5,6,7,11,13,16,17,29,31,33,36,40,53,56,58,63,75,79.0,80.0
A38313,16/07/2026,00:24,03 08 09 12 15 22 24 25 29 30 40 41 52 59 61 62 64 68 72 73,3,8,9,12,15,22,24,25,29,30,40,41,52,59,61,62,64,68,72.0,73.0
A38312,16/07/2026,00:20,12 17 20 27 30 34 36 39 40 41 46 49 51 66 71 73 74 76 79 80,12,17,20,27,30,34,36,39,40,41,46,49,51,66,71,73,74,76,79.0,80.0
A38311,16/07/2026,00:16,12 14 18 20 23 26 29 34 37 39 40 43 45 51 52 53 54 57 59 77,12,14,18,20,23,26,29,34,37,39,40,43,45,51,52,53,54,57,59.0,77.0
A38310,16/07/2026,00:12,04 09 11 18 22 23 24 29 37 40 41 45 50 60 61 62 66 73 74 77,4,9,11,18,22,23,24,29,37,40,41,45,50,60,61,62,66,73,74.0,77.0
A38309,16/07/2026,00:08,03 05 07 08 11 12 23 28 29 35 45 48 50 58 61 63 71 74 76 78,3,5,7,8,11,12,23,28,29,35,45,48,50,58,61,63,71,74,76.0,78.0
A38307,16/07/2026,00:00,02 13 14 15 19 20 41 45 51 52 55 56 59 61 62 67 68 73 74 75,2,13,14,15,19,20,41,45,51,52,55,56,59,61,62,67,68,73,74.0,75.0
A38306,15/07/2026,23:56,07 12 13 17 18 28 29 35 40 41 43 47 50 52 61 62 64 73 75 80,7,12,13,17,18,28,29,35,40,41,43,47,50,52,61,62,64,73,75.0,80.0
A38305,15/07/2026,23:52,01 05 13 16 17 19 22 26 30 31 36 37 40 55 62 64 67 68 78 79,1,5,13,16,17,19,22,26,30,31,36,37,40,55,62,64,67,68,78.0,79.0
A38304,15/07/2026,23:48,07 08 15 21 25 27 31 33 37 39 41 42 44 56 59 62 68 69 75 78,7,8,15,21,25,27,31,33,37,39,41,42,44,56,59,62,68,69,75.0,78.0
A38303,15/07/2026,23:44,06 12 15 16 17 19 21 26 30 32 34 35 48 53 55 66 69 75 79 80,6,12,15,16,17,19,21,26,30,32,34,35,48,53,55,66,69,75,79.0,80.0
A38302,15/07/2026,23:40,02 03 06 07 08 12 14 15 17 18 21 25 26 29 35 37 47 56 70 77,2,3,6,7,8,12,14,15,17,18,21,25,26,29,35,37,47,56,70.0,77.0
A38301,15/07/2026,23:36,04 09 10 16 18 22 26 27 33 34 38 41 44 45 46 48 60 61 70 76,4,9,10,16,18,22,26,27,33,34,38,41,44,45,46,48,60,61,70.0,76.0
A38300,15/07/2026,23:32,03 04 11 15 17 18 19 21 22 27 28 35 38 49 50 61 62 69 73 80,3,4,11,15,17,18,19,21,22,27,28,35,38,49,50,61,62,69,73.0,80.0
A38299,15/07/2026,23:28,10 11 13 16 18 19 25 27 37 38 41 52 53 55 56 57 61 67 68 78,10,11,13,16,18,19,25,27,37,38,41,52,53,55,56,57,61,67,68.0,78.0
A38287,15/07/2026,22:40,01 02 04 08 11 16 17 21 27 31 32 40 46 48 50 51 52 61 64 69,1,2,4,8,11,16,17,21,27,31,32,40,46,48,50,51,52,61,64.0,69.0
A38286,15/07/2026,22:36,01 08 11 24 25 34 41 46 50 51 57 58 59 60 62 64 68 75 76 78,1,8,11,24,25,34,41,46,50,51,57,58,59,60,62,64,68,75,76.0,78.0
A38285,15/07/2026,22:32,01 03 10 17 21 23 29 34 36 41 50 52 53 55 56 58 70 72 73 80,1,3,10,17,21,23,29,34,36,41,50,52,53,55,56,58,70,72,73.0,80.0
A38284,15/07/2026,22:28,02 04 05 07 09 12 17 22 34 37 39 45 47 52 55 58 61 66 68 72,2,4,5,7,9,12,17,22,34,37,39,45,47,52,55,58,61,66,68.0,72.0
A38283,15/07/2026,22:24,05 16 17 20 25 31 32 36 42 43 44 50 57 59 61 64 66 68 77 80,5,16,17,20,25,31,32,36,42,43,44,50,57,59,61,64,66,68,77.0,80.0
A38282,15/07/2026,22:20,05 06 11 12 14 18 25 32 35 41 44 49 51 52 53 57 58 60 62 64,5,6,11,12,14,18,25,32,35,41,44,49,51,52,53,57,58,60,62.0,64.0
A38281,15/07/2026,22:16,03 14 20 31 34 36 38 41 44 51 53 57 66 67 69 71 77 78 79 80,3,14,20,31,34,36,38,41,44,51,53,57,66,67,69,71,77,78,79.0,80.0
A38280,15/07/2026,22:12,01 04 05 11 12 15 17 21 28 44 49 52 53 54 60 65 67 68 74 79,1,4,5,11,12,15,17,21,28,44,49,52,53,54,60,65,67,68,74.0,79.0
A38279,15/07/2026,22:08,01 06 09 14 20 23 27 36 37 46 52 55 58 59 60 61 66 67 70 72,1,6,9,14,20,23,27,36,37,46,52,55,58,59,60,61,66,67,70.0,72.0
A38267,15/07/2026,21:20,01 07 09 11 20 21 24 32 37 39 42 46 47 50 52 61 68 69 72 74,1,7,9,11,20,21,24,32,37,39,42,46,47,50,52,61,68,69,72.0,74.0
A38266,15/07/2026,21:16,01 02 04 07 08 15 21 25 28 35 36 47 48 55 57 59 63 64 67 69,1,2,4,7,8,15,21,25,28,35,36,47,48,55,57,59,63,64,67.0,69.0
A38265,15/07/2026,21:12,01 04 05 11 14 15 17 20 21 29 30 31 33 44 56 61 63 67 76 77,1,4,5,11,14,15,17,20,21,29,30,31,33,44,56,61,63,67,76.0,77.0
A38264,15/07/2026,21:08,06 09 11 15 19 31 38 40 42 43 47 51 52 54 57 60 65 73 75 78,6,9,11,15,19,31,38,40,42,43,47,51,52,54,57,60,65,73,75.0,78.0
A38263,15/07/2026,21:04,01 03 06 12 16 20 22 25 26 27 28 31 33 35 36 51 53 57 74 78,1,3,6,12,16,20,22,25,26,27,28,31,33,35,36,51,53,57,74.0,78.0
A38262,15/07/2026,21:00,01 04 06 07 08 17 18 22 32 38 41 42 46 50 53 69 72 73 76 79,1,4,6,7,8,17,18,22,32,38,41,42,46,50,53,69,72,73,76.0,79.0
A38261,15/07/2026,20:56,03 10 19 23 25 26 28 29 30 32 34 37 45 46 48 50 53 58 65 77,3,10,19,23,25,26,28,29,30,32,34,37,45,46,48,50,53,58,65.0,77.0
A38260,15/07/2026,20:52,02 05 12 13 14 15 18 23 27 32 33 34 38 41 46 48 54 67 74 78,2,5,12,13,14,15,18,23,27,32,33,34,38,41,46,48,54,67,74.0,78.0
A38259,15/07/2026,20:48,05 06 11 14 18 29 31 32 34 36 40 42 44 46 55 58 64 69 74 76,5,6,11,14,18,29,31,32,34,36,40,42,44,46,55,58,64,69,74.0,76.0
A38247,15/07/2026,20:00,06 07 10 12 16 20 22 24 30 34 36 38 43 52 57 58 66 70 73 80,6,7,10,12,16,20,22,24,30,34,36,38,43,52,57,58,66,70,73.0,80.0
A38246,15/07/2026,19:56,02 10 11 20 22 25 33 35 36 41 44 45 51 56 62 65 68 75 79 80,2,10,11,20,22,25,33,35,36,41,44,45,51,56,62,65,68,75,79.0,80.0
A38245,15/07/2026,19:52,05 23 25 33 36 38 39 40 41 42 45 49 51 54 67 72 73 76 78 80,5,23,25,33,36,38,39,40,41,42,45,49,51,54,67,72,73,76,78.0,80.0
A38244,15/07/2026,19:48,03 09 19 21 27 28 32 33 40 42 46 47 56 58 61 62 64 66 70 74,3,9,19,21,27,28,32,33,40,42,46,47,56,58,61,62,64,66,70.0,74.0
A38243,15/07/2026,19:44,03 04 06 09 10 14 18 19 20 21 29 31 32 36 41 48 51 57 62 76,3,4,6,9,10,14,18,19,20,21,29,31,32,36,41,48,51,57,62.0,76.0
A38242,15/07/2026,19:40,05 18 25 28 29 30 31 33 34 39 40 44 51 59 61 66 67 71 74 76,5,18,25,28,29,30,31,33,34,39,40,44,51,59,61,66,67,71,74.0,76.0
A38241,15/07/2026,19:36,01 02 08 15 16 17 18 21 28 31 38 39 43 44 46 61 63 69 70 72,1,2,8,15,16,17,18,21,28,31,38,39,43,44,46,61,63,69,70.0,72.0
A38240,15/07/2026,19:32,01 09 18 20 21 24 28 29 39 42 43 48 49 50 52 64 69 73 75 79,1,9,18,20,21,24,28,29,39,42,43,48,49,50,52,64,69,73,75.0,79.0
A38239,15/07/2026,19:28,05 10 27 34 37 46 47 49 50 52 54 55 56 57 59 60 64 68 77 80,5,10,27,34,37,46,47,49,50,52,54,55,56,57,59,60,64,68,77.0,80.0
A38227,15/07/2026,18:40,04 12 14 17 31 33 37 42 44 47 50 51 53 54 59 64 68 70 73 77,4,12,14,17,31,33,37,42,44,47,50,51,53,54,59,64,68,70,73.0,77.0
A38226,15/07/2026,18:36,02 03 08 09 10 14 15 24 30 33 42 45 50 58 65 66 70 77 78 79,2,3,8,9,10,14,15,24,30,33,42,45,50,58,65,66,70,77,78.0,79.0
A38225,15/07/2026,18:32,05 15 16 20 26 32 34 37 39 44 48 52 55 57 58 59 63 68 70 78,5,15,16,20,26,32,34,37,39,44,48,52,55,57,58,59,63,68,70.0,78.0
A38224,15/07/2026,18:28,03 04 23 29 35 37 39 40 42 43 45 51 61 63 66 67 68 69 73 76,3,4,23,29,35,37,39,40,42,43,45,51,61,63,66,67,68,69,73.0,76.0
A38223,15/07/2026,18:24,01 02 14 30 31 37 42 44 47 50 51 55 60 62 64 69 74 76 77 78,1,2,14,30,31,37,42,44,47,50,51,55,60,62,64,69,74,76,77.0,78.0
A38222,15/07/2026,18:20,01 08 23 28 35 36 37 39 40 44 45 47 48 50 53 60 61 66 71 79,1,8,23,28,35,36,37,39,40,44,45,47,48,50,53,60,61,66,71.0,79.0
A38221,15/07/2026,18:16,01 05 07 09 10 13 14 19 21 22 32 35 38 44 55 59 60 69 74 76,1,5,7,9,10,13,14,19,21,22,32,35,38,44,55,59,60,69,74.0,76.0
A38220,15/07/2026,18:12,02 07 17 18 19 21 22 23 25 33 35 40 47 48 55 69 71 74 75 76,2,7,17,18,19,21,22,23,25,33,35,40,47,48,55,69,71,74,75.0,76.0
A38219,15/07/2026,18:08,08 15 20 23 24 25 26 27 30 40 44 51 58 61 64 67 70 75 76 79,8,15,20,23,24,25,26,27,30,40,44,51,58,61,64,67,70,75,76.0,79.0
A38207,15/07/2026,17:20,06 15 16 22 25 26 29 30 34 36 40 52 56 59 61 65 71 72 79 80,6,15,16,22,25,26,29,30,34,36,40,52,56,59,61,65,71,72,79.0,80.0
A38206,15/07/2026,17:16,01 05 11 13 15 24 25 31 37 39 45 49 60 62 64 66 67 69 70 75,1,5,11,13,15,24,25,31,37,39,45,49,60,62,64,66,67,69,70.0,75.0
A38205,15/07/2026,17:12,04 07 14 15 16 22 25 26 35 36 40 44 48 55 56 61 62 66 75 77,4,7,14,15,16,22,25,26,35,36,40,44,48,55,56,61,62,66,75.0,77.0
A38204,15/07/2026,17:08,05 07 15 16 19 25 26 32 35 36 37 41 43 44 46 48 50 61 63 66,5,7,15,16,19,25,26,32,35,36,37,41,43,44,46,48,50,61,63.0,66.0
A38203,15/07/2026,17:04,02 03 04 05 13 22 25 27 29 30 35 38 41 43 51 56 60 71 72 78,2,3,4,5,13,22,25,27,29,30,35,38,41,43,51,56,60,71,72.0,78.0
A38202,15/07/2026,17:00,02 10 17 24 30 31 36 39 48 49 50 51 55 69 74 75 76 77 78 79,2,10,17,24,30,31,36,39,48,49,50,51,55,69,74,75,76,77,78.0,79.0
A38201,15/07/2026,16:56,18 22 23 28 29 30 34 37 38 43 45 54 56 60 63 66 72 73 77 79,18,22,23,28,29,30,34,37,38,43,45,54,56,60,63,66,72,73,77.0,79.0
A38200,15/07/2026,16:52,02 06 15 16 17 21 24 25 26 28 35 38 39 48 50 53 54 57 60 80,2,6,15,16,17,21,24,25,26,28,35,38,39,48,50,53,54,57,60.0,80.0
A38199,15/07/2026,16:48,13 17 20 23 24 26 34 37 41 44 45 51 52 53 54 60 63 71 74 77,13,17,20,23,24,26,34,37,41,44,45,51,52,53,54,60,63,71,74.0,77.0
A38187,15/07/2026,16:00,07 14 15 17 18 24 28 29 32 33 35 36 38 44 47 48 54 61 66 73,7,14,15,17,18,24,28,29,32,33,35,36,38,44,47,48,54,61,66.0,73.0
A38186,15/07/2026,15:56,01 05 16 20 26 28 32 33 39 45 47 54 55 56 62 63 68 69 72 77,1,5,16,20,26,28,32,33,39,45,47,54,55,56,62,63,68,69,72.0,77.0
A38185,15/07/2026,15:52,03 07 14 18 20 24 31 34 37 38 42 46 50 57 62 63 68 71 74 80,3,7,14,18,20,24,31,34,37,38,42,46,50,57,62,63,68,71,74.0,80.0
A38184,15/07/2026,15:48,06 08 14 17 20 23 24 25 27 29 36 40 41 50 54 57 59 60 61 65,6,8,14,17,20,23,24,25,27,29,36,40,41,50,54,57,59,60,61.0,65.0
A38183,15/07/2026,15:44,04 07 09 13 20 26 35 39 41 42 43 44 56 59 64 68 74 77 78 80,4,7,9,13,20,26,35,39,41,42,43,44,56,59,64,68,74,77,78.0,80.0
A38182,15/07/2026,15:40,10 11 12 15 17 21 28 47 53 59 61 62 65 67 68 69 76 77 78 79,10,11,12,15,17,21,28,47,53,59,61,62,65,67,68,69,76,77,78.0,79.0
A38181,15/07/2026,15:36,04 07 10 11 16 19 22 23 28 29 36 38 41 43 44 70 72 73 74 75,4,7,10,11,16,19,22,23,28,29,36,38,41,43,44,70,72,73,74.0,75.0
A38180,15/07/2026,15:32,03 08 11 12 17 19 21 22 26 41 42 45 46 51 53 66 68 73 75 78,3,8,11,12,17,19,21,22,26,41,42,45,46,51,53,66,68,73,75.0,78.0
A38179,15/07/2026,15:28,03 06 07 13 18 20 22 23 27 34 36 37 39 41 47 50 55 60 63 74,3,6,7,13,18,20,22,23,27,34,36,37,39,41,47,50,55,60,63.0,74.0
A38167,15/07/2026,14:40,01 02 03 06 08 11 15 20 28 30 34 37 42 44 47 59 61 62 72 80,1,2,3,6,8,11,15,20,28,30,34,37,42,44,47,59,61,62,72.0,80.0
A38166,15/07/2026,14:36,06 14 15 16 19 20 21 35 38 40 41 45 46 47 49 52 68 69 71 80,6,14,15,16,19,20,21,35,38,40,41,45,46,47,49,52,68,69,71.0,80.0
A38165,15/07/2026,14:32,06 07 15 21 23 28 29 32 37 39 44 47 52 55 61 63 65 72 75 80,6,7,15,21,23,28,29,32,37,39,44,47,52,55,61,63,65,72,75.0,80.0
A38164,15/07/2026,14:28,07 11 17 25 33 37 40 45 47 48 51 52 54 60 69 70 73 76 77 80,7,11,17,25,33,37,40,45,47,48,51,52,54,60,69,70,73,76,77.0,80.0
A38163,15/07/2026,14:24,01 09 14 21 27 29 34 36 38 44 45 46 48 54 64 66 70 72 76 78,1,9,14,21,27,29,34,36,38,44,45,46,48,54,64,66,70,72,76.0,78.0
A38162,15/07/2026,14:20,02 03 07 08 09 10 17 25 27 28 31 41 47 48 54 56 68 70 74 75,2,3,7,8,9,10,17,25,27,28,31,41,47,48,54,56,68,70,74.0,75.0
A38161,15/07/2026,14:16,04 08 14 15 21 30 31 32 37 39 43 44 52 54 59 68 69 70 76 78,4,8,14,15,21,30,31,32,37,39,43,44,52,54,59,68,69,70,76.0,78.0
A38160,15/07/2026,14:12,02 12 18 21 23 26 28 29 32 36 37 42 48 55 60 64 68 73 74 76,2,12,18,21,23,26,28,29,32,36,37,42,48,55,60,64,68,73,74.0,76.0
A38159,15/07/2026,14:08,01 02 06 22 27 33 34 35 37 43 50 54 59 60 61 67 69 73 74 78,1,2,6,22,27,33,34,35,37,43,50,54,59,60,61,67,69,73,74.0,78.0
A38147,15/07/2026,13:20,06 08 12 13 15 19 22 23 24 26 27 35 37 48 49 62 67 68 76 80,6,8,12,13,15,19,22,23,24,26,27,35,37,48,49,62,67,68,76.0,80.0
A38146,15/07/2026,13:16,03 04 05 11 13 25 31 32 39 41 47 50 64 68 71 73 76 77 79 80,3,4,5,11,13,25,31,32,39,41,47,50,64,68,71,73,76,77,79.0,80.0
A38145,15/07/2026,13:12,03 08 23 27 28 34 35 38 39 42 43 52 56 59 60 63 66 67 68 72,3,8,23,27,28,34,35,38,39,42,43,52,56,59,60,63,66,67,68.0,72.0
A38144,15/07/2026,13:08,02 09 13 15 20 25 38 40 43 44 45 55 56 62 63 68 69 71 73 80,2,9,13,15,20,25,38,40,43,44,45,55,56,62,63,68,69,71,73.0,80.0
A38143,15/07/2026,13:04,09 11 12 20 23 24 27 29 37 38 41 42 43 44 48 60 62 66 72 79,9,11,12,20,23,24,27,29,37,38,41,42,43,44,48,60,62,66,72.0,79.0
A38142,15/07/2026,13:00,01 04 05 11 14 16 17 23 24 27 28 29 36 42 46 50 61 69 74 76,1,4,5,11,14,16,17,23,24,27,28,29,36,42,46,50,61,69,74.0,76.0
A38141,15/07/2026,12:56,03 10 14 22 23 25 27 29 33 38 39 47 55 56 58 61 63 67 68 70,3,10,14,22,23,25,27,29,33,38,39,47,55,56,58,61,63,67,68.0,70.0
A38140,15/07/2026,12:52,01 03 11 14 16 25 28 29 30 31 32 38 40 59 68 70 71 75 78 80,1,3,11,14,16,25,28,29,30,31,32,38,40,59,68,70,71,75,78.0,80.0
A38139,15/07/2026,12:48,01 06 08 12 16 19 20 23 25 28 31 33 34 41 64 67 69 75 76 80,1,6,8,12,16,19,20,23,25,28,31,33,34,41,64,67,69,75,76.0,80.0
A38127,15/07/2026,12:00,01 05 06 07 12 14 16 28 35 37 48 49 51 53 64 70 71 75 77 80,1,5,6,7,12,14,16,28,35,37,48,49,51,53,64,70,71,75,77.0,80.0
A38126,15/07/2026,11:56,09 10 14 16 21 26 27 30 32 36 40 41 44 48 51 54 64 72 75 80,9,10,14,16,21,26,27,30,32,36,40,41,44,48,51,54,64,72,75.0,80.0
A38125,15/07/2026,11:52,07 08 13 17 20 21 32 35 36 38 42 43 47 48 59 62 67 72 76 78,7,8,13,17,20,21,32,35,36,38,42,43,47,48,59,62,67,72,76.0,78.0
A38124,15/07/2026,11:48,05 12 16 17 19 23 24 31 36 37 49 51 52 60 61 65 66 70 71 77,5,12,16,17,19,23,24,31,36,37,49,51,52,60,61,65,66,70,71.0,77.0
A38123,15/07/2026,11:44,02 07 09 11 15 18 29 38 48 49 51 54 55 59 62 66 67 71 77 80,2,7,9,11,15,18,29,38,48,49,51,54,55,59,62,66,67,71,77.0,80.0
A38122,15/07/2026,11:40,03 04 08 12 13 19 25 29 30 32 36 38 39 41 45 48 53 57 58 61,3,4,8,12,13,19,25,29,30,32,36,38,39,41,45,48,53,57,58.0,61.0
A38121,15/07/2026,11:36,03 14 15 16 17 19 20 28 38 40 49 53 56 62 65 68 72 75 76 79,3,14,15,16,17,19,20,28,38,40,49,53,56,62,65,68,72,75,76.0,79.0
A38120,15/07/2026,11:32,13 14 15 18 19 21 28 31 39 40 44 45 48 51 55 57 68 70 76 78,13,14,15,18,19,21,28,31,39,40,44,45,48,51,55,57,68,70,76.0,78.0
A38119,15/07/2026,11:28,07 09 10 16 18 25 27 28 31 32 52 54 55 58 66 68 72 75 78 80,7,9,10,16,18,25,27,28,31,32,52,54,55,58,66,68,72,75,78.0,80.0
A38107,15/07/2026,10:40,02 03 04 05 17 19 21 22 28 34 35 36 37 43 48 52 60 65 67 79,2,3,4,5,17,19,21,22,28,34,35,36,37,43,48,52,60,65,67.0,79.0
A38106,15/07/2026,10:36,01 05 15 16 18 20 23 25 26 28 29 33 34 43 55 60 64 68 69 74,1,5,15,16,18,20,23,25,26,28,29,33,34,43,55,60,64,68,69.0,74.0
A38105,15/07/2026,10:32,03 04 05 07 13 24 25 26 32 34 45 47 52 54 60 62 63 69 76 77,3,4,5,7,13,24,25,26,32,34,45,47,52,54,60,62,63,69,76.0,77.0
A38104,15/07/2026,10:28,07 10 13 14 19 20 22 28 29 33 34 38 41 44 48 53 62 64 66 67,7,10,13,14,19,20,22,28,29,33,34,38,41,44,48,53,62,64,66.0,67.0
A38103,15/07/2026,10:24,02 06 07 16 22 30 34 38 44 45 48 53 56 59 62 70 72 73 76 78,2,6,7,16,22,30,34,38,44,45,48,53,56,59,62,70,72,73,76.0,78.0
A38102,15/07/2026,10:20,01 04 07 16 19 25 30 31 34 37 41 43 45 53 54 56 58 67 75 76,1,4,7,16,19,25,30,31,34,37,41,43,45,53,54,56,58,67,75.0,76.0
A38101,15/07/2026,10:16,01 02 09 14 17 20 26 27 44 47 49 52 55 56 59 65 66 73 74 76,1,2,9,14,17,20,26,27,44,47,49,52,55,56,59,65,66,73,74.0,76.0
A38100,15/07/2026,10:12,13 19 24 25 26 40 41 45 46 47 51 59 60 61 62 64 67 72 75 80,13,19,24,25,26,40,41,45,46,47,51,59,60,61,62,64,67,72,75.0,80.0
A38099,15/07/2026,10:08,03 05 13 20 29 30 31 33 43 44 45 46 52 53 55 58 63 67 71 75,3,5,13,20,29,30,31,33,43,44,45,46,52,53,55,58,63,67,71.0,75.0
A38087,15/07/2026,09:20,03 08 12 16 17 20 21 23 30 33 36 42 43 46 57 63 64 69 74 78,3,8,12,16,17,20,21,23,30,33,36,42,43,46,57,63,64,69,74.0,78.0
A38086,15/07/2026,09:16,02 07 09 15 17 20 23 38 39 40 45 46 47 48 53 55 57 64 70 78,2,7,9,15,17,20,23,38,39,40,45,46,47,48,53,55,57,64,70.0,78.0
A38085,15/07/2026,09:12,06 11 13 16 18 19 20 22 27 29 30 32 37 43 51 56 62 63 70 77,6,11,13,16,18,19,20,22,27,29,30,32,37,43,51,56,62,63,70.0,77.0
A38084,15/07/2026,09:08,05 07 13 15 18 19 29 34 35 39 41 52 53 57 61 66 69 71 74 77,5,7,13,15,18,19,29,34,35,39,41,52,53,57,61,66,69,71,74.0,77.0
A38083,15/07/2026,09:04,01 07 08 10 11 13 15 16 17 20 21 24 25 35 40 49 67 70 74 77,1,7,8,10,11,13,15,16,17,20,21,24,25,35,40,49,67,70,74.0,77.0
A38082,15/07/2026,09:00,02 03 10 14 15 16 17 22 25 34 38 40 44 49 50 57 60 68 70 76,2,3,10,14,15,16,17,22,25,34,38,40,44,49,50,57,60,68,70.0,76.0
A38081,15/07/2026,08:56,03 04 05 16 20 21 23 24 29 35 40 44 46 57 60 62 64 70 74 76,3,4,5,16,20,21,23,24,29,35,40,44,46,57,60,62,64,70,74.0,76.0
A38080,15/07/2026,08:52,05 14 17 18 22 27 29 33 37 41 55 62 66 68 69 70 71 76 78 79,5,14,17,18,22,27,29,33,37,41,55,62,66,68,69,70,71,76,78.0,79.0
A38079,15/07/2026,08:48,07 10 13 15 20 23 30 34 37 42 43 46 54 55 56 58 63 65 72 78,7,10,13,15,20,23,30,34,37,42,43,46,54,55,56,58,63,65,72.0,78.0
A38077,15/07/2026,08:40,01 05 13 19 28 29 30 31 35 36 38 39 40 51 55 60 64 67 72 78,1,5,13,19,28,29,30,31,35,36,38,39,40,51,55,60,64,67,72.0,78.0
A38075,15/07/2026,08:32,01 04 09 20 25 28 34 42 43 45 47 50 56 58 62 64 68 76 79 80,1,4,9,20,25,28,34,42,43,45,47,50,56,58,62,64,68,76,79.0,80.0
A38074,15/07/2026,08:28,06 10 13 17 23 26 29 34 35 37 39 40 44 47 48 49 52 61 72 79,6,10,13,17,23,26,29,34,35,37,39,40,44,47,48,49,52,61,72.0,79.0
A37490,13/07/2026,17:32,03 04 06 10 17 20 23 27 32 33 35 39 40 41 42 49 57 69 70 77,3,4,6,10,17,20,23,27,32,33,35,39,40,41,42,49,57,69,70.0,77.0
A37489,13/07/2026,17:28,06 07 08 11 13 19 30 31 34 39 44 47 48 52 54 61 67 76 77 80,6,7,8,11,13,19,30,31,34,39,44,47,48,52,54,61,67,76,77.0,80.0
A37488,13/07/2026,17:24,01 02 04 05 13 16 29 33 36 41 42 55 57 58 63 66 69 71 73 74,1,2,4,5,13,16,29,33,36,41,42,55,57,58,63,66,69,71,73.0,74.0
A37487,13/07/2026,17:20,02 04 06 07 15 16 26 27 36 38 42 48 53 55 63 69 74 78 79 80,2,4,6,7,15,16,26,27,36,38,42,48,53,55,63,69,74,78,79.0,80.0
A37486,13/07/2026,17:16,01 07 19 20 22 23 26 27 37 43 52 55 58 59 61 64 67 70 79 80,1,7,19,20,22,23,26,27,37,43,52,55,58,59,61,64,67,70,79.0,80.0
A37485,13/07/2026,17:12,02 05 09 11 12 18 21 24 29 34 42 44 47 55 58 66 71 76 77 78,2,5,9,11,12,18,21,24,29,34,42,44,47,55,58,66,71,76,77.0,78.0
A37484,13/07/2026,17:08,11 14 17 22 23 24 26 28 30 33 36 37 39 41 44 47 57 62 64 66,11,14,17,22,23,24,26,28,30,33,36,37,39,41,44,47,57,62,64.0,66.0
A37483,13/07/2026,17:04,02 04 06 08 11 12 24 29 30 36 38 44 46 50 56 61 64 69 70 72,2,4,6,8,11,12,24,29,30,36,38,44,46,50,56,61,64,69,70.0,72.0
A37482,13/07/2026,17:00,03 06 07 10 11 12 22 25 28 31 35 40 46 49 54 71 72 73 79 80,3,6,7,10,11,12,22,25,28,31,35,40,46,49,54,71,72,73,79.0,80.0
A37481,13/07/2026,16:56,01 04 15 17 26 31 34 37 40 43 46 54 57 60 61 73 74 76 78 80,1,4,15,17,26,31,34,37,40,43,46,54,57,60,61,73,74,76,78.0,80.0
A37480,13/07/2026,16:52,06 07 08 12 28 36 37 41 42 43 45 47 48 58 62 64 65 72 74 80,6,7,8,12,28,36,37,41,42,43,45,47,48,58,62,64,65,72,74.0,80.0
A37479,13/07/2026,16:48,01 06 08 09 10 11 12 13 23 25 26 28 35 38 48 55 60 61 67 73,1,6,8,9,10,11,12,13,23,25,26,28,35,38,48,55,60,61,67.0,73.0
A37478,13/07/2026,16:44,09 20 27 28 29 31 34 35 41 44 50 55 59 63 64 68 70 71 72 73,9,20,27,28,29,31,34,35,41,44,50,55,59,63,64,68,70,71,72.0,73.0
A37477,13/07/2026,16:40,02 07 10 11 17 21 22 27 28 32 40 43 46 47 54 61 71 74 77 78,2,7,10,11,17,21,22,27,28,32,40,43,46,47,54,61,71,74,77.0,78.0
A37476,13/07/2026,16:36,05 08 10 17 23 32 37 49 51 59 60 62 64 65 66 69 72 76 77 78,5,8,10,17,23,32,37,49,51,59,60,62,64,65,66,69,72,76,77.0,78.0
A37475,13/07/2026,16:32,04 05 07 11 19 24 25 27 32 34 35 37 39 49 53 57 60 62 64 75,4,5,7,11,19,24,25,27,32,34,35,37,39,49,53,57,60,62,64.0,75.0
A37474,13/07/2026,16:28,08 13 17 20 25 26 28 33 34 44 48 51 55 58 61 63 69 73 74 77,8,13,17,20,25,26,28,33,34,44,48,51,55,58,61,63,69,73,74.0,77.0
A37473,13/07/2026,16:24,02 05 06 08 19 21 30 38 40 41 43 44 51 55 56 57 59 61 64 71,2,5,6,8,19,21,30,38,40,41,43,44,51,55,56,57,59,61,64.0,71.0
A37472,13/07/2026,16:20,04 09 11 12 13 16 25 29 31 32 36 38 46 49 52 53 62 64 65 66,4,9,11,12,13,16,25,29,31,32,36,38,46,49,52,53,62,64,65.0,66.0
A37471,13/07/2026,16:16,01 05 09 12 18 24 26 27 32 39 42 47 52 55 59 61 63 66 76 78,1,5,9,12,18,24,26,27,32,39,42,47,52,55,59,61,63,66,76.0,78.0
A37470,13/07/2026,16:12,03 12 21 22 29 31 32 34 37 42 52 59 60 61 67 70 73 74 77 79,3,12,21,22,29,31,32,34,37,42,52,59,60,61,67,70,73,74,77.0,79.0
A33724,2026-07-03,06:28:00,03 07 12 18 26 36 39 44 46 47 51 57 58 60 62 68 69 73 78 80,3,7,12,18,26,36,39,44,46,47,51,57,58,60,62,68,69,73,78.0,80.0
A33723,2026-07-03,06:24:00,03 06 07 14 16 20 21 26 29 36 39 43 52 58 61 67 69 70 73 76,3,6,7,14,16,20,21,26,29,36,39,43,52,58,61,67,69,70,73.0,76.0
A33722,2026-07-03,06:20:00,02 09 10 11 12 14 15 16 17 19 25 28 32 33 45 56 62 67 70 77,2,9,10,11,12,14,15,16,17,19,25,28,32,33,45,56,62,67,70.0,77.0
A33721,2026-07-03,06:16:00,01 11 12 23 27 28 35 40 42 50 51 59 60 62 66 67 70 74 76 80,1,11,12,23,27,28,35,40,42,50,51,59,60,62,66,67,70,74,76.0,80.0
A33720,2026-07-03,06:12:00,01 08 13 19 27 28 29 32 40 44 45 51 59 60 61 64 70 71 75 77,1,8,13,19,27,28,29,32,40,44,45,51,59,60,61,64,70,71,75.0,77.0
A33719,2026-07-03,06:08:00,02 07 08 17 22 23 24 26 27 31 40 43 50 52 53 61 63 67 73 74,2,7,8,17,22,23,24,26,27,31,40,43,50,52,53,61,63,67,73.0,74.0
A33718,2026-07-03,06:04:00,10 14 17 18 22 33 35 38 41 46 50 54 55 59 61 69 72 73 76 77,10,14,17,18,22,33,35,38,41,46,50,54,55,59,61,69,72,73,76.0,77.0
A33717,2026-07-03,06:00:00,04 06 08 10 11 18 19 23 26 27 28 29 31 37 47 56 60 61 73 74,4,6,8,10,11,18,19,23,26,27,28,29,31,37,47,56,60,61,73.0,74.0
A33716,2026-07-03,05:56:00,06 07 11 19 23 28 29 30 37 40 42 44 47 51 52 54 66 71 73 74,6,7,11,19,23,28,29,30,37,40,42,44,47,51,52,54,66,71,73.0,74.0
A33715,2026-07-03,05:52:00,03 05 12 20 23 24 27 31 35 38 39 44 45 49 50 51 55 69 71 80,3,5,12,20,23,24,27,31,35,38,39,44,45,49,50,51,55,69,71.0,80.0
A33714,2026-07-03,05:48:00,03 10 11 12 20 21 27 29 35 39 41 44 46 51 57 59 61 63 74 75,3,10,11,12,20,21,27,29,35,39,41,44,46,51,57,59,61,63,74.0,75.0
A33713,2026-07-03,05:44:00,03 06 13 17 22 24 27 28 39 42 46 48 50 58 60 65 73 76 77 80,3,6,13,17,22,24,27,28,39,42,46,48,50,58,60,65,73,76,77.0,80.0
A33712,2026-07-03,05:40:00,01 02 05 08 16 18 20 26 28 30 42 45 51 53 56 58 62 67 72 74,1,2,5,8,16,18,20,26,28,30,42,45,51,53,56,58,62,67,72.0,74.0
A33711,2026-07-03,05:36:00,01 03 14 15 18 19 22 25 26 27 29 30 39 45 56 57 58 61 67 79,1,3,14,15,18,19,22,25,26,27,29,30,39,45,56,57,58,61,67.0,79.0
A33710,2026-07-03,05:32:00,04 07 10 14 16 21 25 27 30 38 39 40 41 43 44 45 52 66 73 78,4,7,10,14,16,21,25,27,30,38,39,40,41,43,44,45,52,66,73.0,78.0
A33709,2026-07-03,05:28:00,01 04 08 09 10 13 19 25 32 38 42 44 49 59 61 63 65 67 78 80,1,4,8,9,10,13,19,25,32,38,42,44,49,59,61,63,65,67,78.0,80.0
A33708,2026-07-03,05:24:00,06 09 14 16 18 21 27 28 29 32 34 50 53 59 62 69 75 77 78 80,6,9,14,16,18,21,27,28,29,32,34,50,53,59,62,69,75,77,78.0,80.0
A33707,2026-07-03,05:20:00,03 04 07 09 17 18 21 36 38 40 45 49 52 55 60 64 68 69 72 73,3,4,7,9,17,18,21,36,38,40,45,49,52,55,60,64,68,69,72.0,73.0
A33706,2026-07-03,05:16:00,09 10 15 16 17 20 22 23 24 25 27 30 35 36 37 53 56 58 62 66,9,10,15,16,17,20,22,23,24,25,27,30,35,36,37,53,56,58,62.0,66.0
A33705,2026-07-03,05:12:00,03 06 07 14 21 27 32 33 42 48 49 50 52 57 59 64 67 72 76 80,3,6,7,14,21,27,32,33,42,48,49,50,52,57,59,64,67,72,76.0,80.0
A33704,2026-07-03,05:08:00,04 06 09 17 22 25 37 38 39 42 54 55 58 61 64 66 67 69 76 79,4,6,9,17,22,25,37,38,39,42,54,55,58,61,64,66,67,69,76.0,79.0
A33703,2026-07-03,05:04:00,01 18 21 24 28 29 31 38 41 44 47 56 58 59 65 69 71 72 76 80,1,18,21,24,28,29,31,38,41,44,47,56,58,59,65,69,71,72,76.0,80.0
A33702,2026-07-03,05:00:00,03 09 10 14 18 22 24 27 29 30 32 39 41 43 47 52 61 66 75 80,3,9,10,14,18,22,24,27,29,30,32,39,41,43,47,52,61,66,75.0,80.0
A33701,2026-07-03,04:56:00,05 09 14 20 22 27 28 30 31 36 37 40 47 64 66 72 73 74 75 78,5,9,14,20,22,27,28,30,31,36,37,40,47,64,66,72,73,74,75.0,78.0
A33700,2026-07-03,04:52:00,03 08 11 14 15 21 22 24 25 30 31 34 39 49 59 70 71 76 77 78,3,8,11,14,15,21,22,24,25,30,31,34,39,49,59,70,71,76,77.0,78.0
A33699,2026-07-03,04:48:00,01 08 09 10 11 13 16 20 22 23 27 29 30 31 44 52 65 69 75 78,1,8,9,10,11,13,16,20,22,23,27,29,30,31,44,52,65,69,75.0,78.0
A33698,2026-07-03,04:44:00,01 05 06 08 30 32 36 37 39 44 45 48 53 57 60 70 72 74 76 80,1,5,6,8,30,32,36,37,39,44,45,48,53,57,60,70,72,74,76.0,80.0
A33697,2026-07-03,04:40:00,07 08 09 12 21 22 23 40 42 45 50 52 53 63 65 67 71 77 79 80,7,8,9,12,21,22,23,40,42,45,50,52,53,63,65,67,71,77,79.0,80.0
A33696,2026-07-03,04:36:00,04 10 16 19 24 26 27 35 38 39 40 45 52 58 59 62 64 78 79 80,4,10,16,19,24,26,27,35,38,39,40,45,52,58,59,62,64,78,79.0,80.0
A33695,2026-07-03,04:32:00,02 08 09 11 22 23 25 40 41 43 48 49 55 59 61 62 64 70 76 77,2,8,9,11,22,23,25,40,41,43,48,49,55,59,61,62,64,70,76.0,77.0
A33694,2026-07-03,04:28:00,01 04 08 18 24 25 26 44 46 48 49 51 53 56 60 62 64 71 75 78,1,4,8,18,24,25,26,44,46,48,49,51,53,56,60,62,64,71,75.0,78.0
A33693,2026-07-03,04:24:00,07 08 14 15 19 21 30 31 34 35 40 45 51 55 60 61 65 68 77 79,7,8,14,15,19,21,30,31,34,35,40,45,51,55,60,61,65,68,77.0,79.0
A33692,2026-07-03,04:20:00,02 03 10 11 20 25 30 35 36 38 39 42 51 53 59 63 65 75 79 80,2,3,10,11,20,25,30,35,36,38,39,42,51,53,59,63,65,75,79.0,80.0
A33691,2026-07-03,04:16:00,01 03 04 10 21 36 38 43 46 48 51 55 60 62 65 70 71 73 75 80,1,3,4,10,21,36,38,43,46,48,51,55,60,62,65,70,71,73,75.0,80.0
A33690,2026-07-03,04:12:00,01 10 11 13 14 17 21 24 28 36 40 47 54 56 57 63 67 68 73 74,1,10,11,13,14,17,21,24,28,36,40,47,54,56,57,63,67,68,73.0,74.0
A33689,2026-07-03,04:08:00,01 02 12 13 14 15 24 32 36 43 55 59 63 64 67 68 72 74 79 80,1,2,12,13,14,15,24,32,36,43,55,59,63,64,67,68,72,74,79.0,80.0
A33688,2026-07-03,04:04:00,02 10 16 21 23 27 30 33 34 35 36 39 41 53 57 65 69 71 76 80,2,10,16,21,23,27,30,33,34,35,36,39,41,53,57,65,69,71,76.0,80.0
A33687,2026-07-03,04:00:00,02 05 10 13 22 25 32 34 37 38 40 41 42 52 54 61 64 71 75 76,2,5,10,13,22,25,32,34,37,38,40,41,42,52,54,61,64,71,75.0,76.0
A33686,2026-07-03,03:56:00,01 05 13 15 18 23 30 32 36 37 42 43 47 50 55 56 60 62 72 76,1,5,13,15,18,23,30,32,36,37,42,43,47,50,55,56,60,62,72.0,76.0
A33685,2026-07-03,03:52:00,01 05 07 10 14 17 26 32 45 46 48 55 57 63 67 68 70 71 74 79,1,5,7,10,14,17,26,32,45,46,48,55,57,63,67,68,70,71,74.0,79.0
A33684,2026-07-03,03:48:00,05 09 12 17 19 20 21 28 30 31 34 36 41 56 61 62 63 65 73 80,5,9,12,17,19,20,21,28,30,31,34,36,41,56,61,62,63,65,73.0,80.0
A33683,2026-07-03,03:44:00,11 12 13 17 21 23 25 27 30 35 37 38 51 52 57 59 64 67 78 80,11,12,13,17,21,23,25,27,30,35,37,38,51,52,57,59,64,67,78.0,80.0
A33682,2026-07-03,03:40:00,04 11 13 14 19 24 25 42 45 46 47 55 58 60 61 65 69 71 75 76,4,11,13,14,19,24,25,42,45,46,47,55,58,60,61,65,69,71,75.0,76.0
A33681,2026-07-03,03:36:00,03 06 09 16 22 23 25 28 39 41 42 47 50 59 60 63 64 68 69 79,3,6,9,16,22,23,25,28,39,41,42,47,50,59,60,63,64,68,69.0,79.0
A33680,2026-07-03,03:32:00,02 09 16 21 25 34 36 40 43 45 53 58 60 61 65 66 67 68 74 80,2,9,16,21,25,34,36,40,43,45,53,58,60,61,65,66,67,68,74.0,80.0
A33679,2026-07-03,03:28:00,05 07 10 15 22 26 29 39 40 43 47 48 55 56 63 70 71 74 75 76,5,7,10,15,22,26,29,39,40,43,47,48,55,56,63,70,71,74,75.0,76.0
A33678,2026-07-03,03:24:00,06 11 14 23 27 34 35 36 40 43 49 50 52 54 59 60 62 70 75 76,6,11,14,23,27,34,35,36,40,43,49,50,52,54,59,60,62,70,75.0,76.0
A33677,2026-07-03,03:20:00,09 12 15 16 17 35 39 43 45 46 47 48 53 57 59 60 64 66 75 77,9,12,15,16,17,35,39,43,45,46,47,48,53,57,59,60,64,66,75.0,77.0
A33676,2026-07-03,,09 11 15 20 21 22 27 29 38 43 52 54 57 58 60 66 70 73,9,11,15,20,21,22,27,29,38,43,52,54,57,58,60,66,70,73,,
